current_url,public_path,active_source_file,shadowed_source_file,service_type,city_location,current_system,active_status,migration_priority,recommended_new_yaml_filename,keep_same_url,title,h1
https://meek-bublanina-442e19.netlify.app/branding-design-breda/,/branding-design-breda/,branding-design-breda/index.html,,branding en design,breda,old recovery,root page active,high,breda-branding-design.yaml,yes,Branding en design Breda | Merkidentiteit door BDMNL,Branding en design Breda voor een merk dat professioneler voelt.
https://meek-bublanina-442e19.netlify.app/branding-design-delft/,/branding-design-delft/,branding-design-delft/index.html,,branding en design,delft,old recovery,root page active,high,delft-branding-design.yaml,yes,Branding en design Delft | Merkidentiteit door BDMNL,Branding en design Delft voor een merk dat professioneler voelt.
https://meek-bublanina-442e19.netlify.app/branding-design-goes/,/branding-design-goes/,branding-design-goes/index.html,,branding en design,goes,old recovery,root page active,high,goes-branding-design.yaml,yes,Branding en design Goes | Merkidentiteit door BDMNL,Branding en design Goes voor een merk dat professioneler voelt.
https://meek-bublanina-442e19.netlify.app/branding-design-leiden/,/branding-design-leiden/,branding-design-leiden/index.html,,branding en design,leiden,old recovery,root page active,high,leiden-branding-design.yaml,yes,Branding en design Leiden | Merkidentiteit door BDMNL,Branding en design Leiden voor een merk dat professioneler voelt.
https://meek-bublanina-442e19.netlify.app/branding-design-middelburg/,/branding-design-middelburg/,branding-design-middelburg/index.html,,branding en design,middelburg,old recovery,root page active,high,middelburg-branding-design.yaml,yes,Branding en design Middelburg | Merkidentiteit door BDMNL,Branding en design Middelburg voor een merk dat professioneler voelt.
https://meek-bublanina-442e19.netlify.app/branding-design-rotterdam/,/branding-design-rotterdam/,branding-design-rotterdam/index.html,,branding en design,rotterdam,old recovery,root page active,high,rotterdam-branding-design.yaml,yes,Branding en design Rotterdam | Merkidentiteit door BDMNL,Branding en design Rotterdam voor een merk dat professioneler voelt.
https://meek-bublanina-442e19.netlify.app/branding-design-terneuzen/,/branding-design-terneuzen/,branding-design-terneuzen/index.html,,branding en design,terneuzen,old recovery,root page active,high,terneuzen-branding-design.yaml,yes,Branding en design Terneuzen | Merkidentiteit door BDMNL,Branding en design Terneuzen voor een merk dat professioneler voelt.
https://meek-bublanina-442e19.netlify.app/branding-design-vlissingen/,/branding-design-vlissingen/,branding-design-vlissingen/index.html,,branding en design,vlissingen,old recovery,root page active,high,vlissingen-branding-design.yaml,yes,Branding en design Vlissingen | Merkidentiteit door BDMNL,Branding en design Vlissingen voor een merk dat professioneler voelt.
https://meek-bublanina-442e19.netlify.app/branding-design-zierikzee/,/branding-design-zierikzee/,branding-design-zierikzee/index.html,,branding en design,zierikzee,old recovery,root page active,high,zierikzee-branding-design.yaml,yes,Branding en design Zierikzee | Merkidentiteit door BDMNL,Branding en design Zierikzee voor een merk dat professioneler voelt.
https://meek-bublanina-442e19.netlify.app/hosting-breda/,/hosting-breda/,hosting-breda/index.html,,hosting,breda,old recovery,root page active,high,breda-hosting.yaml,yes,Hosting Breda | Snelle en betrouwbare websitebasis door BDMNL,"Hosting Breda voor een snelle, veilige en betrouwbare website."
https://meek-bublanina-442e19.netlify.app/hosting-delft/,/hosting-delft/,hosting-delft/index.html,,hosting,delft,old recovery,root page active,high,delft-hosting.yaml,yes,Hosting Delft | Snelle en betrouwbare websitebasis door BDMNL,"Hosting Delft voor een snelle, veilige en betrouwbare website."
https://meek-bublanina-442e19.netlify.app/hosting-goes/,/hosting-goes/,hosting-goes/index.html,,hosting,goes,old recovery,root page active,high,goes-hosting.yaml,yes,Hosting Goes | Snelle en betrouwbare websitebasis door BDMNL,"Hosting Goes voor een snelle, veilige en betrouwbare website."
https://meek-bublanina-442e19.netlify.app/hosting-leiden/,/hosting-leiden/,hosting-leiden/index.html,,hosting,leiden,old recovery,root page active,high,leiden-hosting.yaml,yes,Hosting Leiden | Snelle en betrouwbare websitebasis door BDMNL,"Hosting Leiden voor een snelle, veilige en betrouwbare website."
https://meek-bublanina-442e19.netlify.app/hosting-middelburg/,/hosting-middelburg/,hosting-middelburg/index.html,,hosting,middelburg,old recovery,root page active,high,middelburg-hosting.yaml,yes,Hosting Middelburg | Snelle en betrouwbare websitebasis door BDMNL,"Hosting Middelburg voor een snelle, veilige en betrouwbare website."
https://meek-bublanina-442e19.netlify.app/hosting-rotterdam/,/hosting-rotterdam/,hosting-rotterdam/index.html,,hosting,rotterdam,old recovery,root page active,high,rotterdam-hosting.yaml,yes,Hosting Rotterdam | Snelle en betrouwbare websitebasis door BDMNL,"Hosting Rotterdam voor een snelle, veilige en betrouwbare website."
https://meek-bublanina-442e19.netlify.app/hosting-terneuzen/,/hosting-terneuzen/,hosting-terneuzen/index.html,,hosting,terneuzen,old recovery,root page active,high,terneuzen-hosting.yaml,yes,Hosting Terneuzen | Snelle en betrouwbare websitebasis door BDMNL,"Hosting Terneuzen voor een snelle, veilige en betrouwbare website."
https://meek-bublanina-442e19.netlify.app/hosting-vlissingen/,/hosting-vlissingen/,hosting-vlissingen/index.html,,hosting,vlissingen,old recovery,root page active,high,vlissingen-hosting.yaml,yes,Hosting Vlissingen | Snelle en betrouwbare websitebasis door BDMNL,"Hosting Vlissingen voor een snelle, veilige en betrouwbare website."
https://meek-bublanina-442e19.netlify.app/hosting-zierikzee/,/hosting-zierikzee/,hosting-zierikzee/index.html,,hosting,zierikzee,old recovery,root page active,high,zierikzee-hosting.yaml,yes,Hosting Zierikzee | Snelle en betrouwbare websitebasis door BDMNL,"Hosting Zierikzee voor een snelle, veilige en betrouwbare website."
https://meek-bublanina-442e19.netlify.app/online-marketing-middelburg/,/online-marketing-middelburg/,online-marketing-middelburg/index.html,,online marketing,middelburg,old recovery,root page active,high,middelburg-online-marketing.yaml,yes,Online marketing Middelburg en Walcheren | BDMNL,Online marketing Middelburg met een praktische BDMNL aanpak.
https://meek-bublanina-442e19.netlify.app/online-marketing/online-marketing-breda/,/online-marketing/online-marketing-breda/,online-marketing/online-marketing-breda/index.html,,online marketing,breda,old recovery,root page active,high,breda-online-marketing.yaml,yes,"Online marketing Breda | Websites, SEO en campagnes door BDMNL",Online marketing Breda met een praktische BDMNL aanpak.
https://meek-bublanina-442e19.netlify.app/online-marketing/online-marketing-brielle/,/online-marketing/online-marketing-brielle/,online-marketing/online-marketing-brielle/index.html,,online marketing,brielle,old recovery,root page active,high,brielle-online-marketing.yaml,yes,"Online marketing Brielle | Websites, SEO en campagnes door BDMNL",Online marketing Brielle met een praktische BDMNL aanpak.
https://meek-bublanina-442e19.netlify.app/online-marketing/online-marketing-delft/,/online-marketing/online-marketing-delft/,online-marketing/online-marketing-delft/index.html,,online marketing,delft,old recovery,root page active,high,delft-online-marketing.yaml,yes,"Online marketing Delft | Websites, SEO en campagnes door BDMNL",Online marketing Delft met een praktische BDMNL aanpak.
https://meek-bublanina-442e19.netlify.app/online-marketing/online-marketing-goes/,/online-marketing/online-marketing-goes/,online-marketing/online-marketing-goes/index.html,,online marketing,goes,old recovery,root page active,high,goes-online-marketing.yaml,yes,"Online marketing Goes | Websites, SEO en campagnes door BDMNL",Online marketing Goes met een praktische BDMNL aanpak.
https://meek-bublanina-442e19.netlify.app/online-marketing/online-marketing-leiden/,/online-marketing/online-marketing-leiden/,online-marketing/online-marketing-leiden/index.html,,online marketing,leiden,old recovery,root page active,high,leiden-online-marketing.yaml,yes,"Online marketing Leiden | Websites, SEO en campagnes door BDMNL",Online marketing Leiden met een praktische BDMNL aanpak.
https://meek-bublanina-442e19.netlify.app/online-marketing/online-marketing-middelburg/,/online-marketing/online-marketing-middelburg/,online-marketing/online-marketing-middelburg/index.html,,online marketing,middelburg,old recovery,root page active,high,middelburg-online-marketing.yaml,yes,"Online marketing Middelburg | Websites, SEO en campagnes door BDMNL",Online marketing Middelburg met een praktische BDMNL aanpak.
https://meek-bublanina-442e19.netlify.app/online-marketing/online-marketing-rotterdam/,/online-marketing/online-marketing-rotterdam/,online-marketing/online-marketing-rotterdam/index.html,,online marketing,rotterdam,old recovery,root page active,high,rotterdam-online-marketing.yaml,yes,"Online marketing Rotterdam | Websites, SEO en campagnes door BDMNL",Online marketing Rotterdam met een praktische BDMNL aanpak.
https://meek-bublanina-442e19.netlify.app/online-marketing/online-marketing-spijkenisse/,/online-marketing/online-marketing-spijkenisse/,online-marketing/online-marketing-spijkenisse/index.html,,online marketing,spijkenisse,old recovery,root page active,high,spijkenisse-online-marketing.yaml,yes,"Online marketing Spijkenisse | Websites, SEO en campagnes door BDMNL",Online marketing Spijkenisse met een praktische BDMNL aanpak.
https://meek-bublanina-442e19.netlify.app/online-marketing/online-marketing-terneuzen/,/online-marketing/online-marketing-terneuzen/,online-marketing/online-marketing-terneuzen/index.html,,online marketing,terneuzen,old recovery,root page active,high,terneuzen-online-marketing.yaml,yes,"Online marketing Terneuzen | Websites, SEO en campagnes door BDMNL",Online marketing Terneuzen met een praktische BDMNL aanpak.
https://meek-bublanina-442e19.netlify.app/online-marketing/online-marketing-vlissingen/,/online-marketing/online-marketing-vlissingen/,online-marketing/online-marketing-vlissingen/index.html,,online marketing,vlissingen,old recovery,root page active,high,vlissingen-online-marketing.yaml,yes,"Online marketing Vlissingen | Websites, SEO en campagnes door BDMNL",Online marketing Vlissingen met een praktische BDMNL aanpak.
https://meek-bublanina-442e19.netlify.app/online-marketing/online-marketing-zierikzee/,/online-marketing/online-marketing-zierikzee/,online-marketing/online-marketing-zierikzee/index.html,,online marketing,zierikzee,old recovery,root page active,high,zierikzee-online-marketing.yaml,yes,"Online marketing Zierikzee | Websites, SEO en campagnes door BDMNL",Online marketing Zierikzee met een praktische BDMNL aanpak.
https://meek-bublanina-442e19.netlify.app/seo-bureau-breda/,/seo-bureau-breda/,seo-bureau-breda/index.html,,SEO bureau,breda,old recovery,root page active,high,breda-seo-bureau.yaml,yes,SEO bureau Breda | Lokale SEO strategie door BDMNL,SEO bureau Breda voor vindbaarheid die ook vertrouwen opbouwt.
https://meek-bublanina-442e19.netlify.app/seo-bureau-brielle/,/seo-bureau-brielle/,seo-bureau-brielle/index.html,,SEO bureau,brielle,old recovery,root page active,high,brielle-seo-bureau.yaml,yes,SEO bureau Brielle | Lokale SEO strategie door BDMNL,SEO bureau Brielle voor vindbaarheid die ook vertrouwen opbouwt.
https://meek-bublanina-442e19.netlify.app/seo-bureau-delft/,/seo-bureau-delft/,seo-bureau-delft/index.html,,SEO bureau,delft,old recovery,root page active,high,delft-seo-bureau.yaml,yes,SEO bureau Delft | Lokale SEO strategie door BDMNL,SEO bureau Delft voor vindbaarheid die ook vertrouwen opbouwt.
https://meek-bublanina-442e19.netlify.app/seo-bureau-goes/,/seo-bureau-goes/,seo-bureau-goes/index.html,,SEO bureau,goes,old recovery,root page active,high,goes-seo-bureau.yaml,yes,SEO bureau Goes | Lokale SEO strategie door BDMNL,SEO bureau Goes voor vindbaarheid die ook vertrouwen opbouwt.
https://meek-bublanina-442e19.netlify.app/seo-bureau-leiden/,/seo-bureau-leiden/,seo-bureau-leiden/index.html,,SEO bureau,leiden,old recovery,root page active,high,leiden-seo-bureau.yaml,yes,SEO bureau Leiden | Lokale SEO strategie door BDMNL,SEO bureau Leiden voor vindbaarheid die ook vertrouwen opbouwt.
https://meek-bublanina-442e19.netlify.app/seo-bureau-middelburg/,/seo-bureau-middelburg/,seo-bureau-middelburg/index.html,,SEO bureau,middelburg,old recovery,root page active,high,middelburg-seo-bureau.yaml,yes,SEO bureau Middelburg | Lokale SEO strategie door BDMNL,SEO bureau Middelburg voor vindbaarheid die ook vertrouwen opbouwt.
https://meek-bublanina-442e19.netlify.app/seo-bureau-spijkenisse/,/seo-bureau-spijkenisse/,seo-bureau-spijkenisse/index.html,,SEO bureau,spijkenisse,old recovery,root page active,high,spijkenisse-seo-bureau.yaml,yes,SEO bureau Spijkenisse | Lokale SEO strategie door BDMNL,SEO bureau Spijkenisse voor vindbaarheid die ook vertrouwen opbouwt.
https://meek-bublanina-442e19.netlify.app/seo-bureau-terneuzen/,/seo-bureau-terneuzen/,seo-bureau-terneuzen/index.html,,SEO bureau,terneuzen,old recovery,root page active,high,terneuzen-seo-bureau.yaml,yes,SEO bureau Terneuzen | Lokale SEO strategie door BDMNL,SEO bureau Terneuzen voor vindbaarheid die ook vertrouwen opbouwt.
https://meek-bublanina-442e19.netlify.app/seo-bureau-vlissingen/,/seo-bureau-vlissingen/,seo-bureau-vlissingen/index.html,,SEO bureau,vlissingen,old recovery,root page active,high,vlissingen-seo-bureau.yaml,yes,SEO bureau Vlissingen | Lokale SEO strategie door BDMNL,SEO bureau Vlissingen voor vindbaarheid die ook vertrouwen opbouwt.
https://meek-bublanina-442e19.netlify.app/seo-bureau-zierikzee/,/seo-bureau-zierikzee/,seo-bureau-zierikzee/index.html,,SEO bureau,zierikzee,old recovery,root page active,high,zierikzee-seo-bureau.yaml,yes,SEO bureau Zierikzee | Lokale SEO strategie door BDMNL,SEO bureau Zierikzee voor vindbaarheid die ook vertrouwen opbouwt.
https://meek-bublanina-442e19.netlify.app/seo/seo-bureau-rotterdam/,/seo/seo-bureau-rotterdam/,seo/seo-bureau-rotterdam/index.html,,SEO bureau,rotterdam,old recovery,root page active,high,rotterdam-seo-bureau.yaml,yes,SEO bureau Rotterdam | Technische SEO en content door BDMNL,SEO bureau Rotterdam voor vindbaarheid die ook vertrouwen opbouwt.
https://meek-bublanina-442e19.netlify.app/webdesign/webdesign-breda/,/webdesign/webdesign-breda/,webdesign/webdesign-breda/index.html,,webdesign,breda,old recovery,root page active,high,breda-webdesign.yaml,yes,Webdesign Breda | Premium UX en Webflow door BDMNL,Webdesign Breda met de uitstraling van een premium digital agency.
https://meek-bublanina-442e19.netlify.app/webdesign/webdesign-brielle/,/webdesign/webdesign-brielle/,webdesign/webdesign-brielle/index.html,,webdesign,brielle,old recovery,root page active,high,brielle-webdesign.yaml,yes,Webdesign Brielle | Premium UX en Webflow door BDMNL,Webdesign Brielle met de uitstraling van een premium digital agency.
https://meek-bublanina-442e19.netlify.app/webdesign/webdesign-delft/,/webdesign/webdesign-delft/,webdesign/webdesign-delft/index.html,,webdesign,delft,old recovery,root page active,high,delft-webdesign.yaml,yes,Webdesign Delft | Premium UX en Webflow door BDMNL,Webdesign Delft met de uitstraling van een premium digital agency.
https://meek-bublanina-442e19.netlify.app/webdesign/webdesign-goes/,/webdesign/webdesign-goes/,webdesign/webdesign-goes/index.html,,webdesign,goes,old recovery,root page active,high,goes-webdesign.yaml,yes,Webdesign Goes | Premium UX en Webflow door BDMNL,Webdesign Goes met de uitstraling van een premium digital agency.
https://meek-bublanina-442e19.netlify.app/webdesign/webdesign-leiden/,/webdesign/webdesign-leiden/,webdesign/webdesign-leiden/index.html,,webdesign,leiden,old recovery,root page active,high,leiden-webdesign.yaml,yes,Webdesign Leiden | Premium UX en Webflow door BDMNL,Webdesign Leiden met de uitstraling van een premium digital agency.
https://meek-bublanina-442e19.netlify.app/webdesign/webdesign-middelburg/,/webdesign/webdesign-middelburg/,webdesign/webdesign-middelburg/index.html,,webdesign,middelburg,old recovery,root page active,high,middelburg-webdesign.yaml,yes,Webdesign Middelburg | Premium UX en Webflow door BDMNL,Webdesign Middelburg met de uitstraling van een premium digital agency.
https://meek-bublanina-442e19.netlify.app/webdesign/webdesign-rotterdam/,/webdesign/webdesign-rotterdam/,webdesign/webdesign-rotterdam/index.html,,webdesign,rotterdam,old recovery,root page active,high,rotterdam-webdesign.yaml,yes,Webdesign Rotterdam | Premium UX en Webflow door BDMNL,Webdesign Rotterdam met de uitstraling van een premium digital agency.
https://meek-bublanina-442e19.netlify.app/webdesign/webdesign-spijkenisse/,/webdesign/webdesign-spijkenisse/,webdesign/webdesign-spijkenisse/index.html,,webdesign,spijkenisse,old recovery,root page active,high,spijkenisse-webdesign.yaml,yes,Webdesign Spijkenisse | Premium UX en Webflow door BDMNL,Webdesign Spijkenisse met de uitstraling van een premium digital agency.
https://meek-bublanina-442e19.netlify.app/webdesign/webdesign-terneuzen/,/webdesign/webdesign-terneuzen/,webdesign/webdesign-terneuzen/index.html,,webdesign,terneuzen,old recovery,root page active,high,terneuzen-webdesign.yaml,yes,Webdesign Terneuzen | Premium UX en Webflow door BDMNL,Webdesign Terneuzen met de uitstraling van een premium digital agency.
https://meek-bublanina-442e19.netlify.app/webdesign/webdesign-vlissingen/,/webdesign/webdesign-vlissingen/,webdesign/webdesign-vlissingen/index.html,,webdesign,vlissingen,old recovery,root page active,high,vlissingen-webdesign.yaml,yes,Webdesign Vlissingen | Premium UX en Webflow door BDMNL,Webdesign Vlissingen met de uitstraling van een premium digital agency.
https://meek-bublanina-442e19.netlify.app/webdesign/webdesign-zierikzee/,/webdesign/webdesign-zierikzee/,webdesign/webdesign-zierikzee/index.html,,webdesign,zierikzee,old recovery,root page active,high,zierikzee-webdesign.yaml,yes,Webdesign Zierikzee | Premium UX en Webflow door BDMNL,Webdesign Zierikzee met de uitstraling van een premium digital agency.
https://meek-bublanina-442e19.netlify.app/webshop-laten-maken-breda/,/webshop-laten-maken-breda/,webshop-laten-maken-breda/index.html,,webshop laten maken,breda,old recovery,root page active,high,breda-webshop-laten-maken.yaml,yes,Webshop laten maken Breda | Premium webshop door BDMNL,Webshop laten maken Breda voor bedrijven die professioneel online willen verkopen.
https://meek-bublanina-442e19.netlify.app/webshop-laten-maken-delft/,/webshop-laten-maken-delft/,webshop-laten-maken-delft/index.html,,webshop laten maken,delft,old recovery,root page active,high,delft-webshop-laten-maken.yaml,yes,Webshop laten maken Delft | Premium webshop door BDMNL,Webshop laten maken Delft voor bedrijven die professioneel online willen verkopen.
https://meek-bublanina-442e19.netlify.app/webshop-laten-maken-goes/,/webshop-laten-maken-goes/,webshop-laten-maken-goes/index.html,,webshop laten maken,goes,old recovery,root page active,high,goes-webshop-laten-maken.yaml,yes,Webshop laten maken Goes | Premium webshop door BDMNL,Webshop laten maken Goes voor bedrijven die professioneel online willen verkopen.
https://meek-bublanina-442e19.netlify.app/webshop-laten-maken-leiden/,/webshop-laten-maken-leiden/,webshop-laten-maken-leiden/index.html,,webshop laten maken,leiden,old recovery,root page active,high,leiden-webshop-laten-maken.yaml,yes,Webshop laten maken Leiden | Premium webshop door BDMNL,Webshop laten maken Leiden voor bedrijven die professioneel online willen verkopen.
https://meek-bublanina-442e19.netlify.app/webshop-laten-maken-middelburg/,/webshop-laten-maken-middelburg/,webshop-laten-maken-middelburg/index.html,,webshop laten maken,middelburg,old recovery,root page active,high,middelburg-webshop-laten-maken.yaml,yes,Webshop laten maken Middelburg | Premium webshop door BDMNL,Webshop laten maken Middelburg voor bedrijven die professioneel online willen verkopen.
https://meek-bublanina-442e19.netlify.app/webshop-laten-maken-rotterdam/,/webshop-laten-maken-rotterdam/,webshop-laten-maken-rotterdam/index.html,,webshop laten maken,rotterdam,old recovery,root page active,high,rotterdam-webshop-laten-maken.yaml,yes,Webshop laten maken Rotterdam | Premium webshop door BDMNL,Webshop laten maken Rotterdam voor bedrijven die professioneel online willen verkopen.
https://meek-bublanina-442e19.netlify.app/webshop-laten-maken-terneuzen/,/webshop-laten-maken-terneuzen/,webshop-laten-maken-terneuzen/index.html,,webshop laten maken,terneuzen,old recovery,root page active,high,terneuzen-webshop-laten-maken.yaml,yes,Webshop laten maken Terneuzen | Premium webshop door BDMNL,Webshop laten maken Terneuzen voor bedrijven die professioneel online willen verkopen.
https://meek-bublanina-442e19.netlify.app/webshop-laten-maken-vlissingen/,/webshop-laten-maken-vlissingen/,webshop-laten-maken-vlissingen/index.html,,webshop laten maken,vlissingen,old recovery,root page active,high,vlissingen-webshop-laten-maken.yaml,yes,Webshop laten maken Vlissingen | Premium webshop door BDMNL,Webshop laten maken Vlissingen voor bedrijven die professioneel online willen verkopen.
https://meek-bublanina-442e19.netlify.app/webshop-laten-maken-zierikzee/,/webshop-laten-maken-zierikzee/,webshop-laten-maken-zierikzee/index.html,,webshop laten maken,zierikzee,old recovery,root page active,high,zierikzee-webshop-laten-maken.yaml,yes,Webshop laten maken Zierikzee | Premium webshop door BDMNL,Webshop laten maken Zierikzee voor bedrijven die professioneel online willen verkopen.
https://meek-bublanina-442e19.netlify.app/website-laten-maken-breda/,/website-laten-maken-breda/,website-laten-maken-breda/index.html,,website laten maken,breda,old recovery,root page active,high,breda-website-laten-maken.yaml,yes,Website laten maken Breda | Premium Webflow website door BDMNL,Website laten maken in Breda voor bedrijven die premium willen overkomen.
https://meek-bublanina-442e19.netlify.app/website-laten-maken-brielle/,/website-laten-maken-brielle/,website-laten-maken-brielle/index.html,,website laten maken,brielle,old recovery,root page active,high,brielle-website-laten-maken.yaml,yes,Website laten maken Brielle | Premium Webflow website door BDMNL,Een website die voelt alsof je bedrijf al verder is.
https://meek-bublanina-442e19.netlify.app/website-laten-maken-delft/,/website-laten-maken-delft/,website-laten-maken-delft/index.html,,website laten maken,delft,old recovery,root page active,high,delft-website-laten-maken.yaml,yes,Website laten maken Delft | Premium Webflow website door BDMNL,Website laten maken in Delft voor bedrijven die premium willen overkomen.
https://meek-bublanina-442e19.netlify.app/website-laten-maken-goes/,/website-laten-maken-goes/,website-laten-maken-goes/index.html,,website laten maken,goes,old recovery,root page active,high,goes-website-laten-maken.yaml,yes,Website laten maken Goes | Premium Webflow website door BDMNL,Website laten maken in Goes voor bedrijven die premium willen overkomen.
https://meek-bublanina-442e19.netlify.app/website-laten-maken-leiden/,/website-laten-maken-leiden/,website-laten-maken-leiden/index.html,,website laten maken,leiden,old recovery,root page active,high,leiden-website-laten-maken.yaml,yes,Website laten maken Leiden | Premium Webflow website door BDMNL,Website laten maken in Leiden voor bedrijven die premium willen overkomen.
https://meek-bublanina-442e19.netlify.app/website-laten-maken-middelburg/,/website-laten-maken-middelburg/,website-laten-maken-middelburg/index.html,,website laten maken,middelburg,old recovery,root page active,high,middelburg-website-laten-maken.yaml,yes,Website laten maken Middelburg | Premium Webflow website door BDMNL,Website laten maken in Middelburg voor bedrijven die premium willen overkomen.
https://meek-bublanina-442e19.netlify.app/website-laten-maken-spijkenisse/,/website-laten-maken-spijkenisse/,website-laten-maken-spijkenisse/index.html,,website laten maken,spijkenisse,old recovery,root page active,high,spijkenisse-website-laten-maken.yaml,yes,Website laten maken Spijkenisse | Premium Webflow website door BDMNL,Website laten maken in Spijkenisse voor bedrijven die premium willen overkomen.
https://meek-bublanina-442e19.netlify.app/website-laten-maken-terneuzen/,/website-laten-maken-terneuzen/,website-laten-maken-terneuzen/index.html,,website laten maken,terneuzen,old recovery,root page active,high,terneuzen-website-laten-maken.yaml,yes,Website laten maken Terneuzen | Premium Webflow website door BDMNL,Website laten maken in Terneuzen voor bedrijven die premium willen overkomen.
https://meek-bublanina-442e19.netlify.app/website-laten-maken-vlissingen/,/website-laten-maken-vlissingen/,website-laten-maken-vlissingen/index.html,,website laten maken,vlissingen,old recovery,root page active,high,vlissingen-website-laten-maken.yaml,yes,Website laten maken Vlissingen | Premium Webflow website door BDMNL,Website laten maken in Vlissingen voor bedrijven die premium willen overkomen.
https://meek-bublanina-442e19.netlify.app/website-laten-maken-zierikzee/,/website-laten-maken-zierikzee/,website-laten-maken-zierikzee/index.html,,website laten maken,zierikzee,old recovery,root page active,high,zierikzee-website-laten-maken.yaml,yes,Website laten maken Zierikzee | Premium Webflow website door BDMNL,Website laten maken in Zierikzee voor bedrijven die premium willen overkomen.
https://meek-bublanina-442e19.netlify.app/branding-design-alkmaar/,/branding-design-alkmaar/,branding-design-alkmaar/index.html,,branding en design,alkmaar,old recovery,root page active,medium,alkmaar-branding-design.yaml,yes,Branding en design Alkmaar | Merkidentiteit door BDMNL,Branding en design Alkmaar voor een merk dat professioneler voelt.
https://meek-bublanina-442e19.netlify.app/branding-design-amsterdam/,/branding-design-amsterdam/,branding-design-amsterdam/index.html,,branding en design,amsterdam,old recovery,root page active,medium,amsterdam-branding-design.yaml,yes,Branding en design Amsterdam | Merkidentiteit door BDMNL,Branding en design Amsterdam voor een merk dat professioneler voelt.
https://meek-bublanina-442e19.netlify.app/branding-design-den-bosch/,/branding-design-den-bosch/,branding-design-den-bosch/index.html,,branding en design,den-bosch,old recovery,root page active,medium,den-bosch-branding-design.yaml,yes,Branding en design Den Bosch | Merkidentiteit door BDMNL,Branding en design Den Bosch voor een merk dat professioneler voelt.
https://meek-bublanina-442e19.netlify.app/branding-design-den-haag/,/branding-design-den-haag/,branding-design-den-haag/index.html,,branding en design,den-haag,old recovery,root page active,medium,den-haag-branding-design.yaml,yes,Branding en design Den Haag | Merkidentiteit door BDMNL,Branding en design Den Haag voor een merk dat professioneler voelt.
https://meek-bublanina-442e19.netlify.app/branding-design-dordrecht/,/branding-design-dordrecht/,branding-design-dordrecht/index.html,,branding en design,dordrecht,old recovery,root page active,medium,dordrecht-branding-design.yaml,yes,Branding en design Dordrecht | Merkidentiteit door BDMNL,Branding en design Dordrecht voor een merk dat professioneler voelt.
https://meek-bublanina-442e19.netlify.app/branding-design-eindhoven/,/branding-design-eindhoven/,branding-design-eindhoven/index.html,,branding en design,eindhoven,old recovery,root page active,medium,eindhoven-branding-design.yaml,yes,Branding en design Eindhoven | Merkidentiteit door BDMNL,Branding en design Eindhoven voor een merk dat professioneler voelt.
https://meek-bublanina-442e19.netlify.app/branding-design-haarlem/,/branding-design-haarlem/,branding-design-haarlem/index.html,,branding en design,haarlem,old recovery,root page active,medium,haarlem-branding-design.yaml,yes,Branding en design Haarlem | Merkidentiteit door BDMNL,Branding en design Haarlem voor een merk dat professioneler voelt.
https://meek-bublanina-442e19.netlify.app/branding-design-hilversum/,/branding-design-hilversum/,branding-design-hilversum/index.html,,branding en design,hilversum,old recovery,root page active,medium,hilversum-branding-design.yaml,yes,Branding en design Hilversum | Merkidentiteit door BDMNL,Branding en design Hilversum voor een merk dat professioneler voelt.
https://meek-bublanina-442e19.netlify.app/branding-design-hoofddorp/,/branding-design-hoofddorp/,branding-design-hoofddorp/index.html,,branding en design,hoofddorp,old recovery,root page active,medium,hoofddorp-branding-design.yaml,yes,Branding en design Hoofddorp | Merkidentiteit door BDMNL,Branding en design Hoofddorp voor een merk dat professioneler voelt.
https://meek-bublanina-442e19.netlify.app/branding-design-roosendaal/,/branding-design-roosendaal/,branding-design-roosendaal/index.html,,branding en design,roosendaal,old recovery,root page active,medium,roosendaal-branding-design.yaml,yes,Branding en design Roosendaal | Merkidentiteit door BDMNL,Branding en design Roosendaal voor een merk dat professioneler voelt.
https://meek-bublanina-442e19.netlify.app/branding-design-tilburg/,/branding-design-tilburg/,branding-design-tilburg/index.html,,branding en design,tilburg,old recovery,root page active,medium,tilburg-branding-design.yaml,yes,Branding en design Tilburg | Merkidentiteit door BDMNL,Branding en design Tilburg voor een merk dat professioneler voelt.
https://meek-bublanina-442e19.netlify.app/hosting-alkmaar/,/hosting-alkmaar/,hosting-alkmaar/index.html,,hosting,alkmaar,old recovery,root page active,medium,alkmaar-hosting.yaml,yes,Hosting Alkmaar | Snelle en betrouwbare websitebasis door BDMNL,"Hosting Alkmaar voor een snelle, veilige en betrouwbare website."
https://meek-bublanina-442e19.netlify.app/hosting-amsterdam/,/hosting-amsterdam/,hosting-amsterdam/index.html,,hosting,amsterdam,old recovery,root page active,medium,amsterdam-hosting.yaml,yes,Hosting Amsterdam | Snelle en betrouwbare websitebasis door BDMNL,"Hosting Amsterdam voor een snelle, veilige en betrouwbare website."
https://meek-bublanina-442e19.netlify.app/hosting-den-bosch/,/hosting-den-bosch/,hosting-den-bosch/index.html,,hosting,den-bosch,old recovery,root page active,medium,den-bosch-hosting.yaml,yes,Hosting Den Bosch | Snelle en betrouwbare websitebasis door BDMNL,"Hosting Den Bosch voor een snelle, veilige en betrouwbare website."
https://meek-bublanina-442e19.netlify.app/hosting-den-haag/,/hosting-den-haag/,hosting-den-haag/index.html,,hosting,den-haag,old recovery,root page active,medium,den-haag-hosting.yaml,yes,Hosting Den Haag | Snelle en betrouwbare websitebasis door BDMNL,"Hosting Den Haag voor een snelle, veilige en betrouwbare website."
https://meek-bublanina-442e19.netlify.app/hosting-dordrecht/,/hosting-dordrecht/,hosting-dordrecht/index.html,,hosting,dordrecht,old recovery,root page active,medium,dordrecht-hosting.yaml,yes,Hosting Dordrecht | Snelle en betrouwbare websitebasis door BDMNL,"Hosting Dordrecht voor een snelle, veilige en betrouwbare website."
https://meek-bublanina-442e19.netlify.app/hosting-eindhoven/,/hosting-eindhoven/,hosting-eindhoven/index.html,,hosting,eindhoven,old recovery,root page active,medium,eindhoven-hosting.yaml,yes,Hosting Eindhoven | Snelle en betrouwbare websitebasis door BDMNL,"Hosting Eindhoven voor een snelle, veilige en betrouwbare website."
https://meek-bublanina-442e19.netlify.app/hosting-haarlem/,/hosting-haarlem/,hosting-haarlem/index.html,,hosting,haarlem,old recovery,root page active,medium,haarlem-hosting.yaml,yes,Hosting Haarlem | Snelle en betrouwbare websitebasis door BDMNL,"Hosting Haarlem voor een snelle, veilige en betrouwbare website."
https://meek-bublanina-442e19.netlify.app/hosting-hilversum/,/hosting-hilversum/,hosting-hilversum/index.html,,hosting,hilversum,old recovery,root page active,medium,hilversum-hosting.yaml,yes,Hosting Hilversum | Snelle en betrouwbare websitebasis door BDMNL,"Hosting Hilversum voor een snelle, veilige en betrouwbare website."
https://meek-bublanina-442e19.netlify.app/hosting-hoofddorp/,/hosting-hoofddorp/,hosting-hoofddorp/index.html,,hosting,hoofddorp,old recovery,root page active,medium,hoofddorp-hosting.yaml,yes,Hosting Hoofddorp | Snelle en betrouwbare websitebasis door BDMNL,"Hosting Hoofddorp voor een snelle, veilige en betrouwbare website."
https://meek-bublanina-442e19.netlify.app/hosting-roosendaal/,/hosting-roosendaal/,hosting-roosendaal/index.html,,hosting,roosendaal,old recovery,root page active,medium,roosendaal-hosting.yaml,yes,Hosting Roosendaal | Snelle en betrouwbare websitebasis door BDMNL,"Hosting Roosendaal voor een snelle, veilige en betrouwbare website."
https://meek-bublanina-442e19.netlify.app/hosting-tilburg/,/hosting-tilburg/,hosting-tilburg/index.html,,hosting,tilburg,old recovery,root page active,medium,tilburg-hosting.yaml,yes,Hosting Tilburg | Snelle en betrouwbare websitebasis door BDMNL,"Hosting Tilburg voor een snelle, veilige en betrouwbare website."
https://meek-bublanina-442e19.netlify.app/online-marketing-domburg/,/online-marketing-domburg/,online-marketing-domburg/index.html,,online marketing,domburg,old recovery,root page active,medium,domburg-online-marketing.yaml,yes,"Online marketing Domburg | Websites, SEO en campagnes door BDMNL",Online marketing Domburg met een praktische BDMNL aanpak.
https://meek-bublanina-442e19.netlify.app/online-marketing-melissant/,/online-marketing-melissant/,online-marketing-melissant/index.html,,online marketing,melissant,old recovery,root page active,medium,melissant-online-marketing.yaml,yes,"Online marketing Melissant | Websites, SEO en campagnes door BDMNL",Online marketing Melissant met een praktische BDMNL aanpak.
https://meek-bublanina-442e19.netlify.app/online-marketing-ouddorp/,/online-marketing-ouddorp/,online-marketing-ouddorp/index.html,,online marketing,ouddorp,old recovery,root page active,medium,ouddorp-online-marketing.yaml,yes,"Online marketing Ouddorp | Websites, SEO en campagnes door BDMNL",Online marketing Ouddorp met een praktische BDMNL aanpak.
https://meek-bublanina-442e19.netlify.app/online-marketing/online-marketing-alkmaar/,/online-marketing/online-marketing-alkmaar/,online-marketing/online-marketing-alkmaar/index.html,,online marketing,alkmaar,old recovery,root page active,medium,alkmaar-online-marketing.yaml,yes,"Online marketing Alkmaar | Websites, SEO en campagnes door BDMNL",Online marketing Alkmaar met een praktische BDMNL aanpak.
https://meek-bublanina-442e19.netlify.app/online-marketing/online-marketing-amsterdam/,/online-marketing/online-marketing-amsterdam/,online-marketing/online-marketing-amsterdam/index.html,,online marketing,amsterdam,old recovery,root page active,medium,amsterdam-online-marketing.yaml,yes,"Online marketing Amsterdam | Websites, SEO en campagnes door BDMNL",Online marketing Amsterdam met een praktische BDMNL aanpak.
https://meek-bublanina-442e19.netlify.app/online-marketing/online-marketing-bergen-op-zoom/,/online-marketing/online-marketing-bergen-op-zoom/,online-marketing/online-marketing-bergen-op-zoom/index.html,,online marketing,bergen-op-zoom,old recovery,root page active,medium,bergen-op-zoom-online-marketing.yaml,yes,"Online marketing Bergen op Zoom | Websites, SEO en campagnes door BDMNL",Online marketing Bergen op Zoom met een praktische BDMNL aanpak.
https://meek-bublanina-442e19.netlify.app/online-marketing/online-marketing-den-bosch/,/online-marketing/online-marketing-den-bosch/,online-marketing/online-marketing-den-bosch/index.html,,online marketing,den-bosch,old recovery,root page active,medium,den-bosch-online-marketing.yaml,yes,"Online marketing Den Bosch | Websites, SEO en campagnes door BDMNL",Online marketing Den Bosch met een praktische BDMNL aanpak.
https://meek-bublanina-442e19.netlify.app/online-marketing/online-marketing-den-haag/,/online-marketing/online-marketing-den-haag/,online-marketing/online-marketing-den-haag/index.html,,online marketing,den-haag,old recovery,root page active,medium,den-haag-online-marketing.yaml,yes,"Online marketing Den Haag | Websites, SEO en campagnes door BDMNL",Online marketing Den Haag met een praktische BDMNL aanpak.
https://meek-bublanina-442e19.netlify.app/online-marketing/online-marketing-dordrecht/,/online-marketing/online-marketing-dordrecht/,online-marketing/online-marketing-dordrecht/index.html,,online marketing,dordrecht,old recovery,root page active,medium,dordrecht-online-marketing.yaml,yes,"Online marketing Dordrecht | Websites, SEO en campagnes door BDMNL",Online marketing Dordrecht met een praktische BDMNL aanpak.
https://meek-bublanina-442e19.netlify.app/online-marketing/online-marketing-eindhoven/,/online-marketing/online-marketing-eindhoven/,online-marketing/online-marketing-eindhoven/index.html,,online marketing,eindhoven,old recovery,root page active,medium,eindhoven-online-marketing.yaml,yes,"Online marketing Eindhoven | Websites, SEO en campagnes door BDMNL",Online marketing Eindhoven met een praktische BDMNL aanpak.
https://meek-bublanina-442e19.netlify.app/online-marketing/online-marketing-haarlem/,/online-marketing/online-marketing-haarlem/,online-marketing/online-marketing-haarlem/index.html,,online marketing,haarlem,old recovery,root page active,medium,haarlem-online-marketing.yaml,yes,"Online marketing Haarlem | Websites, SEO en campagnes door BDMNL",Online marketing Haarlem met een praktische BDMNL aanpak.
https://meek-bublanina-442e19.netlify.app/online-marketing/online-marketing-hellevoetsluis/,/online-marketing/online-marketing-hellevoetsluis/,online-marketing/online-marketing-hellevoetsluis/index.html,,online marketing,hellevoetsluis,old recovery,root page active,medium,hellevoetsluis-online-marketing.yaml,yes,"Online marketing Hellevoetsluis | Websites, SEO en campagnes door BDMNL",Online marketing Hellevoetsluis met een praktische BDMNL aanpak.
https://meek-bublanina-442e19.netlify.app/online-marketing/online-marketing-hilversum/,/online-marketing/online-marketing-hilversum/,online-marketing/online-marketing-hilversum/index.html,,online marketing,hilversum,old recovery,root page active,medium,hilversum-online-marketing.yaml,yes,"Online marketing Hilversum | Websites, SEO en campagnes door BDMNL",Online marketing Hilversum met een praktische BDMNL aanpak.
https://meek-bublanina-442e19.netlify.app/online-marketing/online-marketing-hoofddorp/,/online-marketing/online-marketing-hoofddorp/,online-marketing/online-marketing-hoofddorp/index.html,,online marketing,hoofddorp,old recovery,root page active,medium,hoofddorp-online-marketing.yaml,yes,"Online marketing Hoofddorp | Websites, SEO en campagnes door BDMNL",Online marketing Hoofddorp met een praktische BDMNL aanpak.
https://meek-bublanina-442e19.netlify.app/online-marketing/online-marketing-rockanje/,/online-marketing/online-marketing-rockanje/,online-marketing/online-marketing-rockanje/index.html,,online marketing,rockanje,old recovery,root page active,medium,rockanje-online-marketing.yaml,yes,"Online marketing Rockanje | Websites, SEO en campagnes door BDMNL",Online marketing Rockanje met een praktische BDMNL aanpak.
https://meek-bublanina-442e19.netlify.app/online-marketing/online-marketing-roosendaal/,/online-marketing/online-marketing-roosendaal/,online-marketing/online-marketing-roosendaal/index.html,,online marketing,roosendaal,old recovery,root page active,medium,roosendaal-online-marketing.yaml,yes,"Online marketing Roosendaal | Websites, SEO en campagnes door BDMNL",Online marketing Roosendaal met een praktische BDMNL aanpak.
https://meek-bublanina-442e19.netlify.app/online-marketing/online-marketing-tilburg/,/online-marketing/online-marketing-tilburg/,online-marketing/online-marketing-tilburg/index.html,,online marketing,tilburg,old recovery,root page active,medium,tilburg-online-marketing.yaml,yes,"Online marketing Tilburg | Websites, SEO en campagnes door BDMNL",Online marketing Tilburg met een praktische BDMNL aanpak.
https://meek-bublanina-442e19.netlify.app/online-marketing/online-marketing-vlaardingen/,/online-marketing/online-marketing-vlaardingen/,online-marketing/online-marketing-vlaardingen/index.html,,online marketing,vlaardingen,old recovery,root page active,medium,vlaardingen-online-marketing.yaml,yes,"Online marketing Vlaardingen | Websites, SEO en campagnes door BDMNL",Online marketing Vlaardingen met een praktische BDMNL aanpak.
https://meek-bublanina-442e19.netlify.app/seo-bureau-bergen-op-zoom/,/seo-bureau-bergen-op-zoom/,seo-bureau-bergen-op-zoom/index.html,,SEO bureau,bergen-op-zoom,old recovery,root page active,medium,bergen-op-zoom-seo-bureau.yaml,yes,SEO bureau Bergen op Zoom | Lokale SEO strategie door BDMNL,SEO bureau Bergen op Zoom voor vindbaarheid die ook vertrouwen opbouwt.
https://meek-bublanina-442e19.netlify.app/seo-bureau-den-haag/,/seo-bureau-den-haag/,seo-bureau-den-haag/index.html,,SEO bureau,den-haag,old recovery,root page active,medium,den-haag-seo-bureau.yaml,yes,SEO bureau Den Haag | Lokale SEO strategie door BDMNL,SEO bureau Den Haag voor vindbaarheid die ook vertrouwen opbouwt.
https://meek-bublanina-442e19.netlify.app/seo-bureau-dirksland/,/seo-bureau-dirksland/,seo-bureau-dirksland/index.html,,SEO bureau,dirksland,old recovery,root page active,medium,dirksland-seo-bureau.yaml,yes,SEO bureau Dirksland | Lokale SEO strategie door BDMNL,SEO bureau Dirksland voor vindbaarheid die ook vertrouwen opbouwt.
https://meek-bublanina-442e19.netlify.app/seo-bureau-domburg/,/seo-bureau-domburg/,seo-bureau-domburg/index.html,,SEO bureau,domburg,old recovery,root page active,medium,domburg-seo-bureau.yaml,yes,SEO bureau Domburg | Lokale SEO strategie door BDMNL,SEO bureau Domburg voor vindbaarheid die ook vertrouwen opbouwt.
https://meek-bublanina-442e19.netlify.app/seo-bureau-dordrecht/,/seo-bureau-dordrecht/,seo-bureau-dordrecht/index.html,,SEO bureau,dordrecht,old recovery,root page active,medium,dordrecht-seo-bureau.yaml,yes,SEO bureau Dordrecht | Lokale SEO strategie door BDMNL,SEO bureau Dordrecht voor vindbaarheid die ook vertrouwen opbouwt.
https://meek-bublanina-442e19.netlify.app/seo-bureau-eindhoven/,/seo-bureau-eindhoven/,seo-bureau-eindhoven/index.html,,SEO bureau,eindhoven,old recovery,root page active,medium,eindhoven-seo-bureau.yaml,yes,SEO bureau Eindhoven | Lokale SEO strategie door BDMNL,SEO bureau Eindhoven voor vindbaarheid die ook vertrouwen opbouwt.
https://meek-bublanina-442e19.netlify.app/seo-bureau-ellemeet/,/seo-bureau-ellemeet/,seo-bureau-ellemeet/index.html,,SEO bureau,ellemeet,old recovery,root page active,medium,ellemeet-seo-bureau.yaml,yes,SEO bureau Ellemeet | Lokale SEO strategie door BDMNL,SEO bureau Ellemeet voor vindbaarheid die ook vertrouwen opbouwt.
https://meek-bublanina-442e19.netlify.app/seo-bureau-goeree-overflakkee/,/seo-bureau-goeree-overflakkee/,seo-bureau-goeree-overflakkee/index.html,,SEO bureau,goeree-overflakkee,old recovery,root page active,medium,goeree-overflakkee-seo-bureau.yaml,yes,SEO bureau Goeree-Overflakkee | Lokale SEO strategie door BDMNL,SEO bureau Goeree-Overflakkee voor vindbaarheid die ook vertrouwen opbouwt.
https://meek-bublanina-442e19.netlify.app/seo-bureau-hellevoetsluis/,/seo-bureau-hellevoetsluis/,seo-bureau-hellevoetsluis/index.html,,SEO bureau,hellevoetsluis,old recovery,root page active,medium,hellevoetsluis-seo-bureau.yaml,yes,SEO bureau Hellevoetsluis | Lokale SEO strategie door BDMNL,SEO bureau Hellevoetsluis voor vindbaarheid die ook vertrouwen opbouwt.
https://meek-bublanina-442e19.netlify.app/seo-bureau-rockanje/,/seo-bureau-rockanje/,seo-bureau-rockanje/index.html,,SEO bureau,rockanje,old recovery,root page active,medium,rockanje-seo-bureau.yaml,yes,SEO bureau Rockanje | Lokale SEO strategie door BDMNL,SEO bureau Rockanje voor vindbaarheid die ook vertrouwen opbouwt.
https://meek-bublanina-442e19.netlify.app/seo-bureau-roosendaal/,/seo-bureau-roosendaal/,seo-bureau-roosendaal/index.html,,SEO bureau,roosendaal,old recovery,root page active,medium,roosendaal-seo-bureau.yaml,yes,SEO bureau Roosendaal | Lokale SEO strategie door BDMNL,SEO bureau Roosendaal voor vindbaarheid die ook vertrouwen opbouwt.
https://meek-bublanina-442e19.netlify.app/seo-bureau-tilburg/,/seo-bureau-tilburg/,seo-bureau-tilburg/index.html,,SEO bureau,tilburg,old recovery,root page active,medium,tilburg-seo-bureau.yaml,yes,SEO bureau Tilburg | Lokale SEO strategie door BDMNL,SEO bureau Tilburg voor vindbaarheid die ook vertrouwen opbouwt.
https://meek-bublanina-442e19.netlify.app/seo-bureau-vlaardingen/,/seo-bureau-vlaardingen/,seo-bureau-vlaardingen/index.html,,SEO bureau,vlaardingen,old recovery,root page active,medium,vlaardingen-seo-bureau.yaml,yes,SEO bureau Vlaardingen | Lokale SEO strategie door BDMNL,SEO bureau Vlaardingen voor vindbaarheid die ook vertrouwen opbouwt.
https://meek-bublanina-442e19.netlify.app/seo-bureau-zoutelande/,/seo-bureau-zoutelande/,seo-bureau-zoutelande/index.html,,SEO bureau,zoutelande,old recovery,root page active,medium,zoutelande-seo-bureau.yaml,yes,SEO bureau Zoutelande | Lokale SEO strategie door BDMNL,SEO bureau Zoutelande voor vindbaarheid die ook vertrouwen opbouwt.
https://meek-bublanina-442e19.netlify.app/social-media-beheer-alkmaar/,/social-media-beheer-alkmaar/,social-media-beheer-alkmaar/index.html,,social media beheer,alkmaar,old recovery,root page active,medium,alkmaar-social-media-beheer.yaml,yes,Social media beheer Alkmaar | Content en planning door BDMNL,Social media beheer Alkmaar met content die past bij je merk.
https://meek-bublanina-442e19.netlify.app/social-media-beheer-amsterdam/,/social-media-beheer-amsterdam/,social-media-beheer-amsterdam/index.html,,social media beheer,amsterdam,old recovery,root page active,medium,amsterdam-social-media-beheer.yaml,yes,Social media beheer Amsterdam | Content en planning door BDMNL,Social media beheer Amsterdam met content die past bij je merk.
https://meek-bublanina-442e19.netlify.app/social-media-beheer-bergen-op-zoom/,/social-media-beheer-bergen-op-zoom/,social-media-beheer-bergen-op-zoom/index.html,,social media beheer,bergen-op-zoom,old recovery,root page active,medium,bergen-op-zoom-social-media-beheer.yaml,yes,Social media beheer Bergen op Zoom | Content en planning door BDMNL,Social media beheer Bergen op Zoom met content die past bij je merk.
https://meek-bublanina-442e19.netlify.app/social-media-beheer-breda/,/social-media-beheer-breda/,social-media-beheer-breda/index.html,,social media beheer,breda,old recovery,root page active,medium,breda-social-media-beheer.yaml,yes,Social media beheer Breda | Content en planning door BDMNL,Social media beheer Breda met content die past bij je merk.
https://meek-bublanina-442e19.netlify.app/social-media-beheer-brielle/,/social-media-beheer-brielle/,social-media-beheer-brielle/index.html,,social media beheer,brielle,old recovery,root page active,medium,brielle-social-media-beheer.yaml,yes,Social media beheer Brielle | Content en planning door BDMNL,Social media beheer Brielle met content die past bij je merk.
https://meek-bublanina-442e19.netlify.app/social-media-beheer-delft/,/social-media-beheer-delft/,social-media-beheer-delft/index.html,,social media beheer,delft,old recovery,root page active,medium,delft-social-media-beheer.yaml,yes,Social media beheer Delft | Content en planning door BDMNL,Social media beheer Delft met content die past bij je merk.
https://meek-bublanina-442e19.netlify.app/social-media-beheer-den-bosch/,/social-media-beheer-den-bosch/,social-media-beheer-den-bosch/index.html,,social media beheer,den-bosch,old recovery,root page active,medium,den-bosch-social-media-beheer.yaml,yes,Social media beheer Den Bosch | Content en planning door BDMNL,Social media beheer Den Bosch met content die past bij je merk.
https://meek-bublanina-442e19.netlify.app/social-media-beheer-den-haag/,/social-media-beheer-den-haag/,social-media-beheer-den-haag/index.html,,social media beheer,den-haag,old recovery,root page active,medium,den-haag-social-media-beheer.yaml,yes,Social media beheer Den Haag | Content en planning door BDMNL,Social media beheer Den Haag met content die past bij je merk.
https://meek-bublanina-442e19.netlify.app/social-media-beheer-dordrecht/,/social-media-beheer-dordrecht/,social-media-beheer-dordrecht/index.html,,social media beheer,dordrecht,old recovery,root page active,medium,dordrecht-social-media-beheer.yaml,yes,Social media beheer Dordrecht | Content en planning door BDMNL,Social media beheer Dordrecht met content die past bij je merk.
https://meek-bublanina-442e19.netlify.app/social-media-beheer-eindhoven/,/social-media-beheer-eindhoven/,social-media-beheer-eindhoven/index.html,,social media beheer,eindhoven,old recovery,root page active,medium,eindhoven-social-media-beheer.yaml,yes,Social media beheer Eindhoven | Content en planning door BDMNL,Social media beheer Eindhoven met content die past bij je merk.
https://meek-bublanina-442e19.netlify.app/social-media-beheer-goes/,/social-media-beheer-goes/,social-media-beheer-goes/index.html,,social media beheer,goes,old recovery,root page active,medium,goes-social-media-beheer.yaml,yes,Social media beheer Goes | Content en planning door BDMNL,Social media beheer Goes met content die past bij je merk.
https://meek-bublanina-442e19.netlify.app/social-media-beheer-haarlem/,/social-media-beheer-haarlem/,social-media-beheer-haarlem/index.html,,social media beheer,haarlem,old recovery,root page active,medium,haarlem-social-media-beheer.yaml,yes,Social media beheer Haarlem | Content en planning door BDMNL,Social media beheer Haarlem met content die past bij je merk.
https://meek-bublanina-442e19.netlify.app/social-media-beheer-hellevoetsluis/,/social-media-beheer-hellevoetsluis/,social-media-beheer-hellevoetsluis/index.html,,social media beheer,hellevoetsluis,old recovery,root page active,medium,hellevoetsluis-social-media-beheer.yaml,yes,Social media beheer Hellevoetsluis | Content en planning door BDMNL,Social media beheer Hellevoetsluis met content die past bij je merk.
https://meek-bublanina-442e19.netlify.app/social-media-beheer-hilversum/,/social-media-beheer-hilversum/,social-media-beheer-hilversum/index.html,,social media beheer,hilversum,old recovery,root page active,medium,hilversum-social-media-beheer.yaml,yes,Social media beheer Hilversum | Content en planning door BDMNL,Social media beheer Hilversum met content die past bij je merk.
https://meek-bublanina-442e19.netlify.app/social-media-beheer-hoofddorp/,/social-media-beheer-hoofddorp/,social-media-beheer-hoofddorp/index.html,,social media beheer,hoofddorp,old recovery,root page active,medium,hoofddorp-social-media-beheer.yaml,yes,Social media beheer Hoofddorp | Content en planning door BDMNL,Social media beheer Hoofddorp met content die past bij je merk.
https://meek-bublanina-442e19.netlify.app/social-media-beheer-leiden/,/social-media-beheer-leiden/,social-media-beheer-leiden/index.html,,social media beheer,leiden,old recovery,root page active,medium,leiden-social-media-beheer.yaml,yes,Social media beheer Leiden | Content en planning door BDMNL,Social media beheer Leiden met content die past bij je merk.
https://meek-bublanina-442e19.netlify.app/social-media-beheer-middelburg/,/social-media-beheer-middelburg/,social-media-beheer-middelburg/index.html,,social media beheer,middelburg,old recovery,root page active,medium,middelburg-social-media-beheer.yaml,yes,Social media beheer Middelburg | Content en planning door BDMNL,Social media beheer Middelburg met content die past bij je merk.
https://meek-bublanina-442e19.netlify.app/social-media-beheer-rockanje/,/social-media-beheer-rockanje/,social-media-beheer-rockanje/index.html,,social media beheer,rockanje,old recovery,root page active,medium,rockanje-social-media-beheer.yaml,yes,Social media beheer Rockanje | Content en planning door BDMNL,Social media beheer Rockanje met content die past bij je merk.
https://meek-bublanina-442e19.netlify.app/social-media-beheer-roosendaal/,/social-media-beheer-roosendaal/,social-media-beheer-roosendaal/index.html,,social media beheer,roosendaal,old recovery,root page active,medium,roosendaal-social-media-beheer.yaml,yes,Social media beheer Roosendaal | Content en planning door BDMNL,Social media beheer Roosendaal met content die past bij je merk.
https://meek-bublanina-442e19.netlify.app/social-media-beheer-rotterdam/,/social-media-beheer-rotterdam/,social-media-beheer-rotterdam/index.html,,social media beheer,rotterdam,old recovery,root page active,medium,rotterdam-social-media-beheer.yaml,yes,Social media beheer Rotterdam | Content en planning door BDMNL,Social media beheer Rotterdam met content die past bij je merk.
https://meek-bublanina-442e19.netlify.app/social-media-beheer-spijkenisse/,/social-media-beheer-spijkenisse/,social-media-beheer-spijkenisse/index.html,,social media beheer,spijkenisse,old recovery,root page active,medium,spijkenisse-social-media-beheer.yaml,yes,Social media beheer Spijkenisse | Content en planning door BDMNL,Social media beheer Spijkenisse met content die past bij je merk.
https://meek-bublanina-442e19.netlify.app/social-media-beheer-terneuzen/,/social-media-beheer-terneuzen/,social-media-beheer-terneuzen/index.html,,social media beheer,terneuzen,old recovery,root page active,medium,terneuzen-social-media-beheer.yaml,yes,Social media beheer Terneuzen | Content en planning door BDMNL,Social media beheer Terneuzen met content die past bij je merk.
https://meek-bublanina-442e19.netlify.app/social-media-beheer-tilburg/,/social-media-beheer-tilburg/,social-media-beheer-tilburg/index.html,,social media beheer,tilburg,old recovery,root page active,medium,tilburg-social-media-beheer.yaml,yes,Social media beheer Tilburg | Content en planning door BDMNL,Social media beheer Tilburg met content die past bij je merk.
https://meek-bublanina-442e19.netlify.app/social-media-beheer-vlaardingen/,/social-media-beheer-vlaardingen/,social-media-beheer-vlaardingen/index.html,,social media beheer,vlaardingen,old recovery,root page active,medium,vlaardingen-social-media-beheer.yaml,yes,Social media beheer Vlaardingen | Content en planning door BDMNL,Social media beheer Vlaardingen met content die past bij je merk.
https://meek-bublanina-442e19.netlify.app/social-media-beheer-vlissingen/,/social-media-beheer-vlissingen/,social-media-beheer-vlissingen/index.html,,social media beheer,vlissingen,old recovery,root page active,medium,vlissingen-social-media-beheer.yaml,yes,Social media beheer Vlissingen | Content en planning door BDMNL,Social media beheer Vlissingen met content die past bij je merk.
https://meek-bublanina-442e19.netlify.app/social-media-beheer-zierikzee/,/social-media-beheer-zierikzee/,social-media-beheer-zierikzee/index.html,,social media beheer,zierikzee,old recovery,root page active,medium,zierikzee-social-media-beheer.yaml,yes,Social media beheer Zierikzee | Content en planning door BDMNL,Social media beheer Zierikzee met content die past bij je merk.
https://meek-bublanina-442e19.netlify.app/social-media/social-media-beheer-brielle/,/social-media/social-media-beheer-brielle/,social-media/social-media-beheer-brielle/index.html,,social media beheer,brielle,old recovery,root page active,medium,brielle-social-media-beheer.yaml,yes,Social media beheer Brielle | Contentritme voor lokale bedrijven,Social media beheer Brielle met content die past bij je merk.
https://meek-bublanina-442e19.netlify.app/webdesign/webdesign-amsterdam/,/webdesign/webdesign-amsterdam/,webdesign/webdesign-amsterdam/index.html,,webdesign,amsterdam,old recovery,root page active,medium,amsterdam-webdesign.yaml,yes,Webdesign Amsterdam | Premium UX en Webflow door BDMNL,Webdesign Amsterdam met de uitstraling van een premium digital agency.
https://meek-bublanina-442e19.netlify.app/webdesign/webdesign-bergen-op-zoom/,/webdesign/webdesign-bergen-op-zoom/,webdesign/webdesign-bergen-op-zoom/index.html,,webdesign,bergen-op-zoom,old recovery,root page active,medium,bergen-op-zoom-webdesign.yaml,yes,Webdesign Bergen op Zoom | Premium UX en Webflow door BDMNL,Webdesign Bergen op Zoom met de uitstraling van een premium digital agency.
https://meek-bublanina-442e19.netlify.app/webdesign/webdesign-den-haag/,/webdesign/webdesign-den-haag/,webdesign/webdesign-den-haag/index.html,,webdesign,den-haag,old recovery,root page active,medium,den-haag-webdesign.yaml,yes,Webdesign Den Haag | Premium UX en Webflow door BDMNL,Webdesign Den Haag met de uitstraling van een premium digital agency.
https://meek-bublanina-442e19.netlify.app/webdesign/webdesign-dordrecht/,/webdesign/webdesign-dordrecht/,webdesign/webdesign-dordrecht/index.html,,webdesign,dordrecht,old recovery,root page active,medium,dordrecht-webdesign.yaml,yes,Webdesign Dordrecht | Premium UX en Webflow door BDMNL,Webdesign Dordrecht met de uitstraling van een premium digital agency.
https://meek-bublanina-442e19.netlify.app/webdesign/webdesign-eindhoven/,/webdesign/webdesign-eindhoven/,webdesign/webdesign-eindhoven/index.html,,webdesign,eindhoven,old recovery,root page active,medium,eindhoven-webdesign.yaml,yes,Webdesign Eindhoven | Premium UX en Webflow door BDMNL,Webdesign Eindhoven met de uitstraling van een premium digital agency.
https://meek-bublanina-442e19.netlify.app/webdesign/webdesign-hellevoetsluis/,/webdesign/webdesign-hellevoetsluis/,webdesign/webdesign-hellevoetsluis/index.html,,webdesign,hellevoetsluis,old recovery,root page active,medium,hellevoetsluis-webdesign.yaml,yes,Webdesign Hellevoetsluis | Premium UX en Webflow door BDMNL,Webdesign Hellevoetsluis met de uitstraling van een premium digital agency.
https://meek-bublanina-442e19.netlify.app/webdesign/webdesign-rockanje/,/webdesign/webdesign-rockanje/,webdesign/webdesign-rockanje/index.html,,webdesign,rockanje,old recovery,root page active,medium,rockanje-webdesign.yaml,yes,Webdesign Rockanje | Premium UX en Webflow door BDMNL,Webdesign Rockanje met de uitstraling van een premium digital agency.
https://meek-bublanina-442e19.netlify.app/webdesign/webdesign-roosendaal/,/webdesign/webdesign-roosendaal/,webdesign/webdesign-roosendaal/index.html,,webdesign,roosendaal,old recovery,root page active,medium,roosendaal-webdesign.yaml,yes,Webdesign Roosendaal | Premium UX en Webflow door BDMNL,Webdesign Roosendaal met de uitstraling van een premium digital agency.
https://meek-bublanina-442e19.netlify.app/webdesign/webdesign-tilburg/,/webdesign/webdesign-tilburg/,webdesign/webdesign-tilburg/index.html,,webdesign,tilburg,old recovery,root page active,medium,tilburg-webdesign.yaml,yes,Webdesign Tilburg | Premium UX en Webflow door BDMNL,Webdesign Tilburg met de uitstraling van een premium digital agency.
https://meek-bublanina-442e19.netlify.app/webdesign/webdesign-vlaardingen/,/webdesign/webdesign-vlaardingen/,webdesign/webdesign-vlaardingen/index.html,,webdesign,vlaardingen,old recovery,root page active,medium,vlaardingen-webdesign.yaml,yes,Webdesign Vlaardingen | Premium UX en Webflow door BDMNL,Webdesign Vlaardingen met de uitstraling van een premium digital agency.
https://meek-bublanina-442e19.netlify.app/webshop-laten-maken-alkmaar/,/webshop-laten-maken-alkmaar/,webshop-laten-maken-alkmaar/index.html,,webshop laten maken,alkmaar,old recovery,root page active,medium,alkmaar-webshop-laten-maken.yaml,yes,Webshop laten maken Alkmaar | Premium webshop door BDMNL,Webshop laten maken Alkmaar voor bedrijven die professioneel online willen verkopen.
https://meek-bublanina-442e19.netlify.app/webshop-laten-maken-amsterdam/,/webshop-laten-maken-amsterdam/,webshop-laten-maken-amsterdam/index.html,,webshop laten maken,amsterdam,old recovery,root page active,medium,amsterdam-webshop-laten-maken.yaml,yes,Webshop laten maken Amsterdam | Premium webshop door BDMNL,Webshop laten maken Amsterdam voor bedrijven die professioneel online willen verkopen.
https://meek-bublanina-442e19.netlify.app/webshop-laten-maken-den-bosch/,/webshop-laten-maken-den-bosch/,webshop-laten-maken-den-bosch/index.html,,webshop laten maken,den-bosch,old recovery,root page active,medium,den-bosch-webshop-laten-maken.yaml,yes,Webshop laten maken Den Bosch | Premium webshop door BDMNL,Webshop laten maken Den Bosch voor bedrijven die professioneel online willen verkopen.
https://meek-bublanina-442e19.netlify.app/webshop-laten-maken-den-haag/,/webshop-laten-maken-den-haag/,webshop-laten-maken-den-haag/index.html,,webshop laten maken,den-haag,old recovery,root page active,medium,den-haag-webshop-laten-maken.yaml,yes,Webshop laten maken Den Haag | Premium webshop door BDMNL,Webshop laten maken Den Haag voor bedrijven die professioneel online willen verkopen.
https://meek-bublanina-442e19.netlify.app/webshop-laten-maken-dordrecht/,/webshop-laten-maken-dordrecht/,webshop-laten-maken-dordrecht/index.html,,webshop laten maken,dordrecht,old recovery,root page active,medium,dordrecht-webshop-laten-maken.yaml,yes,Webshop laten maken Dordrecht | Premium webshop door BDMNL,Webshop laten maken Dordrecht voor bedrijven die professioneel online willen verkopen.
https://meek-bublanina-442e19.netlify.app/webshop-laten-maken-eindhoven/,/webshop-laten-maken-eindhoven/,webshop-laten-maken-eindhoven/index.html,,webshop laten maken,eindhoven,old recovery,root page active,medium,eindhoven-webshop-laten-maken.yaml,yes,Webshop laten maken Eindhoven | Premium webshop door BDMNL,Webshop laten maken Eindhoven voor bedrijven die professioneel online willen verkopen.
https://meek-bublanina-442e19.netlify.app/webshop-laten-maken-haarlem/,/webshop-laten-maken-haarlem/,webshop-laten-maken-haarlem/index.html,,webshop laten maken,haarlem,old recovery,root page active,medium,haarlem-webshop-laten-maken.yaml,yes,Webshop laten maken Haarlem | Premium webshop door BDMNL,Webshop laten maken Haarlem voor bedrijven die professioneel online willen verkopen.
https://meek-bublanina-442e19.netlify.app/webshop-laten-maken-hilversum/,/webshop-laten-maken-hilversum/,webshop-laten-maken-hilversum/index.html,,webshop laten maken,hilversum,old recovery,root page active,medium,hilversum-webshop-laten-maken.yaml,yes,Webshop laten maken Hilversum | Premium webshop door BDMNL,Webshop laten maken Hilversum voor bedrijven die professioneel online willen verkopen.
https://meek-bublanina-442e19.netlify.app/webshop-laten-maken-hoofddorp/,/webshop-laten-maken-hoofddorp/,webshop-laten-maken-hoofddorp/index.html,,webshop laten maken,hoofddorp,old recovery,root page active,medium,hoofddorp-webshop-laten-maken.yaml,yes,Webshop laten maken Hoofddorp | Premium webshop door BDMNL,Webshop laten maken Hoofddorp voor bedrijven die professioneel online willen verkopen.
https://meek-bublanina-442e19.netlify.app/webshop-laten-maken-roosendaal/,/webshop-laten-maken-roosendaal/,webshop-laten-maken-roosendaal/index.html,,webshop laten maken,roosendaal,old recovery,root page active,medium,roosendaal-webshop-laten-maken.yaml,yes,Webshop laten maken Roosendaal | Premium webshop door BDMNL,Webshop laten maken Roosendaal voor bedrijven die professioneel online willen verkopen.
https://meek-bublanina-442e19.netlify.app/webshop-laten-maken-tilburg/,/webshop-laten-maken-tilburg/,webshop-laten-maken-tilburg/index.html,,webshop laten maken,tilburg,old recovery,root page active,medium,tilburg-webshop-laten-maken.yaml,yes,Webshop laten maken Tilburg | Premium webshop door BDMNL,Webshop laten maken Tilburg voor bedrijven die professioneel online willen verkopen.
https://meek-bublanina-442e19.netlify.app/website-laten-maken-alkmaar/,/website-laten-maken-alkmaar/,website-laten-maken-alkmaar/index.html,,website laten maken,alkmaar,old recovery,root page active,medium,alkmaar-website-laten-maken.yaml,yes,Website laten maken Alkmaar | Premium Webflow website door BDMNL,Website laten maken in Alkmaar voor bedrijven die premium willen overkomen.
https://meek-bublanina-442e19.netlify.app/website-laten-maken-amsterdam/,/website-laten-maken-amsterdam/,website-laten-maken-amsterdam/index.html,,website laten maken,amsterdam,old recovery,root page active,medium,amsterdam-website-laten-maken.yaml,yes,Website laten maken Amsterdam | Premium Webflow website door BDMNL,Website laten maken in Amsterdam voor bedrijven die premium willen overkomen.
https://meek-bublanina-442e19.netlify.app/website-laten-maken-bergen-op-zoom/,/website-laten-maken-bergen-op-zoom/,website-laten-maken-bergen-op-zoom/index.html,,website laten maken,bergen-op-zoom,old recovery,root page active,medium,bergen-op-zoom-website-laten-maken.yaml,yes,Website laten maken Bergen op Zoom | Premium Webflow website door BDMNL,Website laten maken in Bergen op Zoom voor bedrijven die premium willen overkomen.
https://meek-bublanina-442e19.netlify.app/website-laten-maken-den-bosch/,/website-laten-maken-den-bosch/,website-laten-maken-den-bosch/index.html,,website laten maken,den-bosch,old recovery,root page active,medium,den-bosch-website-laten-maken.yaml,yes,Website laten maken Den Bosch | Premium Webflow website door BDMNL,Website laten maken in Den Bosch voor bedrijven die premium willen overkomen.
https://meek-bublanina-442e19.netlify.app/website-laten-maken-den-haag/,/website-laten-maken-den-haag/,website-laten-maken-den-haag/index.html,,website laten maken,den-haag,old recovery,root page active,medium,den-haag-website-laten-maken.yaml,yes,Website laten maken Den Haag | Premium Webflow website door BDMNL,Website laten maken in Den Haag voor bedrijven die premium willen overkomen.
https://meek-bublanina-442e19.netlify.app/website-laten-maken-dordrecht/,/website-laten-maken-dordrecht/,website-laten-maken-dordrecht/index.html,,website laten maken,dordrecht,old recovery,root page active,medium,dordrecht-website-laten-maken.yaml,yes,Website laten maken Dordrecht | Premium Webflow website door BDMNL,Website laten maken in Dordrecht voor bedrijven die premium willen overkomen.
https://meek-bublanina-442e19.netlify.app/website-laten-maken-eindhoven/,/website-laten-maken-eindhoven/,website-laten-maken-eindhoven/index.html,,website laten maken,eindhoven,old recovery,root page active,medium,eindhoven-website-laten-maken.yaml,yes,Website laten maken Eindhoven | Premium Webflow website door BDMNL,Website laten maken in Eindhoven voor bedrijven die premium willen overkomen.
https://meek-bublanina-442e19.netlify.app/website-laten-maken-haarlem/,/website-laten-maken-haarlem/,website-laten-maken-haarlem/index.html,,website laten maken,haarlem,old recovery,root page active,medium,haarlem-website-laten-maken.yaml,yes,Website laten maken Haarlem | Premium Webflow website door BDMNL,Website laten maken in Haarlem voor bedrijven die premium willen overkomen.
https://meek-bublanina-442e19.netlify.app/website-laten-maken-hellevoetsluis/,/website-laten-maken-hellevoetsluis/,website-laten-maken-hellevoetsluis/index.html,,website laten maken,hellevoetsluis,old recovery,root page active,medium,hellevoetsluis-website-laten-maken.yaml,yes,Website laten maken Hellevoetsluis | Premium Webflow website door BDMNL,Website laten maken in Hellevoetsluis voor bedrijven die premium willen overkomen.
https://meek-bublanina-442e19.netlify.app/website-laten-maken-hilversum/,/website-laten-maken-hilversum/,website-laten-maken-hilversum/index.html,,website laten maken,hilversum,old recovery,root page active,medium,hilversum-website-laten-maken.yaml,yes,Website laten maken Hilversum | Premium Webflow website door BDMNL,Website laten maken in Hilversum voor bedrijven die premium willen overkomen.
https://meek-bublanina-442e19.netlify.app/website-laten-maken-hoofddorp/,/website-laten-maken-hoofddorp/,website-laten-maken-hoofddorp/index.html,,website laten maken,hoofddorp,old recovery,root page active,medium,hoofddorp-website-laten-maken.yaml,yes,Website laten maken Hoofddorp | Premium Webflow website door BDMNL,Website laten maken in Hoofddorp voor bedrijven die premium willen overkomen.
https://meek-bublanina-442e19.netlify.app/website-laten-maken-rockanje/,/website-laten-maken-rockanje/,website-laten-maken-rockanje/index.html,,website laten maken,rockanje,old recovery,root page active,medium,rockanje-website-laten-maken.yaml,yes,Website laten maken Rockanje | Premium Webflow website door BDMNL,Website laten maken in Rockanje voor bedrijven die premium willen overkomen.
https://meek-bublanina-442e19.netlify.app/website-laten-maken-roosendaal/,/website-laten-maken-roosendaal/,website-laten-maken-roosendaal/index.html,,website laten maken,roosendaal,old recovery,root page active,medium,roosendaal-website-laten-maken.yaml,yes,Website laten maken Roosendaal | Premium Webflow website door BDMNL,Website laten maken in Roosendaal voor bedrijven die premium willen overkomen.
https://meek-bublanina-442e19.netlify.app/website-laten-maken-tilburg/,/website-laten-maken-tilburg/,website-laten-maken-tilburg/index.html,,website laten maken,tilburg,old recovery,root page active,medium,tilburg-website-laten-maken.yaml,yes,Website laten maken Tilburg | Premium Webflow website door BDMNL,Website laten maken in Tilburg voor bedrijven die premium willen overkomen.
https://meek-bublanina-442e19.netlify.app/website-laten-maken-vlaardingen/,/website-laten-maken-vlaardingen/,website-laten-maken-vlaardingen/index.html,,website laten maken,vlaardingen,old recovery,root page active,medium,vlaardingen-website-laten-maken.yaml,yes,Website laten maken Vlaardingen | Premium Webflow website door BDMNL,Website laten maken in Vlaardingen voor bedrijven die premium willen overkomen.
https://meek-bublanina-442e19.netlify.app/,/,index.html,,support,,old recovery,root page active,low,home.yaml,yes,"BDMNL | Webdesign, SEO & online marketing bureau","Webflow, SEO en online marketing voor bedrijven die sterker willen groeien."
https://meek-bublanina-442e19.netlify.app/algemene-voorwaarden/,/algemene-voorwaarden/,algemene-voorwaarden/index.html,,support,,old recovery,root page active,low,algemene-voorwaarden.yaml,yes,Algemene voorwaarden | BDMNL,Algemene voorwaarden.
https://meek-bublanina-442e19.netlify.app/blog/content-marketing/,/blog/content-marketing/,blog/content-marketing/index.html,,knowledge base,,old recovery,root page active,low,blog-content-marketing.yaml,yes,Content marketing | BDMNL kennisbank,Content marketing: zichtbaar worden met inhoud die klopt.
https://meek-bublanina-442e19.netlify.app/blog/evolutie-bulldog-media-naar-bdmnl/,/blog/evolutie-bulldog-media-naar-bdmnl/,blog/evolutie-bulldog-media-naar-bdmnl/index.html,,knowledge base,,old recovery,root page active,low,blog-evolutie-bulldog-media-naar-bdmnl.yaml,yes,De evolutie van Bulldog Media naar BDMNL | BDMNL,De evolutie van Bulldog Media naar BDMNL.
https://meek-bublanina-442e19.netlify.app/blog/hoe-bdmnl-is-gebouwd/,/blog/hoe-bdmnl-is-gebouwd/,blog/hoe-bdmnl-is-gebouwd/index.html,,knowledge base,,old recovery,root page active,low,blog-hoe-bdmnl-is-gebouwd.yaml,yes,Hoe BDMNL is gebouwd op Bulldog Media ervaring,Hoe BDMNL is gebouwd.
https://meek-bublanina-442e19.netlify.app/blog/hoe-kun-je-een-eigen-blog-beginnen/,/blog/hoe-kun-je-een-eigen-blog-beginnen/,blog/hoe-kun-je-een-eigen-blog-beginnen/index.html,,knowledge base,,old recovery,root page active,low,blog-hoe-kun-je-een-eigen-blog-beginnen.yaml,yes,Hoe kun je een eigen blog beginnen? | BDMNL kennisbank,Hoe kun je een eigen blog beginnen?
https://meek-bublanina-442e19.netlify.app/blog/hoe-vaak-moet-je-je-website-updaten/,/blog/hoe-vaak-moet-je-je-website-updaten/,blog/hoe-vaak-moet-je-je-website-updaten/index.html,,knowledge base,,old recovery,root page active,low,blog-hoe-vaak-moet-je-je-website-updaten.yaml,yes,Hoe vaak moet je je website updaten? | BDMNL kennisbank,Hoe vaak moet je je website updaten?
https://meek-bublanina-442e19.netlify.app/blog/professionele-website-hosting-betrouwbaar-en-snel/,/blog/professionele-website-hosting-betrouwbaar-en-snel/,blog/professionele-website-hosting-betrouwbaar-en-snel/index.html,,knowledge base,,old recovery,root page active,low,blog-professionele-website-hosting-betrouwbaar-en-snel.yaml,yes,Professionele website hosting: betrouwbaar en snel | BDMNL,Professionele website hosting: betrouwbaar en snel.
https://meek-bublanina-442e19.netlify.app/blog/toekomstvisie-bdmnl/,/blog/toekomstvisie-bdmnl/,blog/toekomstvisie-bdmnl/index.html,,knowledge base,,old recovery,root page active,low,blog-toekomstvisie-bdmnl.yaml,yes,De toekomstvisie van BDMNL | Premium digital agency,De toekomstvisie van BDMNL.
https://meek-bublanina-442e19.netlify.app/blog/waarom-bulldog-media-bdmnl-werd/,/blog/waarom-bulldog-media-bdmnl-werd/,blog/waarom-bulldog-media-bdmnl-werd/index.html,,knowledge base,,old recovery,root page active,low,blog-waarom-bulldog-media-bdmnl-werd.yaml,yes,Waarom Bulldog Media BDMNL werd | Brand authority,Waarom Bulldog Media BDMNL werd.
https://meek-bublanina-442e19.netlify.app/blog/wordpress-waarom-is-dat-zo-populair/,/blog/wordpress-waarom-is-dat-zo-populair/,blog/wordpress-waarom-is-dat-zo-populair/index.html,,knowledge base,,old recovery,root page active,low,blog-wordpress-waarom-is-dat-zo-populair.yaml,yes,WordPress: waarom is dat zo populair? | BDMNL kennisbank,WordPress: waarom is dat zo populair?
https://meek-bublanina-442e19.netlify.app/bulldog-media/,/bulldog-media/,bulldog-media/index.html,,support,,old recovery,root page active,low,bulldog-media.yaml,yes,Bulldog Media is nu BDMNL | Rebrand en digitale continuiteit,Bulldog Media is doorontwikkeld naar BDMNL.
https://meek-bublanina-442e19.netlify.app/contact/,/contact/,contact/index.html,,support,,old recovery,root page active,low,contact.yaml,yes,"Contact opnemen met BDMNL | Webdesign, SEO & online marketing",Neem contact op met BDMNL.
https://meek-bublanina-442e19.netlify.app/cookiebeleid/,/cookiebeleid/,cookiebeleid/index.html,,support,,old recovery,root page active,low,cookiebeleid.yaml,yes,Cookiebeleid | BDMNL,Cookiebeleid.
https://meek-bublanina-442e19.netlify.app/gratis-seo-scan/,/gratis-seo-scan/,gratis-seo-scan/index.html,,support,,old recovery,root page active,low,gratis-seo-scan.yaml,yes,Gratis SEO scan | Laat je website controleren door BDMNL,Ontdek waar je website SEO-kansen laat liggen.
https://meek-bublanina-442e19.netlify.app/homepage/,/homepage/,homepage/index.html,,support,,old recovery,root page active,low,homepage.yaml,yes,"BDMNL homepage | Webdesign, SEO en online marketing",Alles voor een sterke online uitstraling.
https://meek-bublanina-442e19.netlify.app/kennisbank/webdesign/,/kennisbank/webdesign/,kennisbank/webdesign/index.html,,support,,old recovery,root page active,low,kennisbank-webdesign.yaml,yes,"Webdesign kennisbank | BDMNL over Webflow, snelheid en conversie",Webdesign kennisbank.
https://meek-bublanina-442e19.netlify.app/over-bdmnl/,/over-bdmnl/,over-bdmnl/index.html,,support,,old recovery,root page active,low,over-bdmnl.yaml,yes,Over BDMNL | Van Bulldog Media naar digital agency,BDMNL bouwt voort op de ervaring van Bulldog Media.
https://meek-bublanina-442e19.netlify.app/privacyverklaring/,/privacyverklaring/,privacyverklaring/index.html,,support,,old recovery,root page active,low,privacyverklaring.yaml,yes,Privacyverklaring | BDMNL,Privacyverklaring.
https://meek-bublanina-442e19.netlify.app/reclamebureau/reclamebureau-bergen-op-zoom/,/reclamebureau/reclamebureau-bergen-op-zoom/,reclamebureau/reclamebureau-bergen-op-zoom/index.html,,reclamebureau,bergen-op-zoom,old recovery,root page active,low,bergen-op-zoom-reclamebureau.yaml,yes,"Reclamebureau Bergen op Zoom | Webdesign, SEO en online marketing door BDMNL","Reclamebureau Bergen op Zoom voor webdesign, SEO en online groei."
https://meek-bublanina-442e19.netlify.app/reclamebureau/reclamebureau-breda/,/reclamebureau/reclamebureau-breda/,reclamebureau/reclamebureau-breda/index.html,,reclamebureau,breda,old recovery,root page active,low,breda-reclamebureau.yaml,yes,"Reclamebureau Breda | Webdesign, SEO en online marketing door BDMNL","Reclamebureau Breda voor webdesign, SEO en online groei."
https://meek-bublanina-442e19.netlify.app/reclamebureau/reclamebureau-brielle/,/reclamebureau/reclamebureau-brielle/,reclamebureau/reclamebureau-brielle/index.html,,reclamebureau,brielle,old recovery,root page active,low,brielle-reclamebureau.yaml,yes,"Reclamebureau Brielle | Webdesign, SEO en online marketing door BDMNL","Reclamebureau Brielle voor webdesign, SEO en online groei."
https://meek-bublanina-442e19.netlify.app/reclamebureau/reclamebureau-den-haag/,/reclamebureau/reclamebureau-den-haag/,reclamebureau/reclamebureau-den-haag/index.html,,reclamebureau,den-haag,old recovery,root page active,low,den-haag-reclamebureau.yaml,yes,"Reclamebureau Den Haag | Webdesign, SEO en online marketing door BDMNL","Reclamebureau Den Haag voor webdesign, SEO en online groei."
https://meek-bublanina-442e19.netlify.app/reclamebureau/reclamebureau-dordrecht/,/reclamebureau/reclamebureau-dordrecht/,reclamebureau/reclamebureau-dordrecht/index.html,,reclamebureau,dordrecht,old recovery,root page active,low,dordrecht-reclamebureau.yaml,yes,"Reclamebureau Dordrecht | Webdesign, SEO en online marketing door BDMNL","Reclamebureau Dordrecht voor webdesign, SEO en online groei."
https://meek-bublanina-442e19.netlify.app/reclamebureau/reclamebureau-eindhoven/,/reclamebureau/reclamebureau-eindhoven/,reclamebureau/reclamebureau-eindhoven/index.html,,reclamebureau,eindhoven,old recovery,root page active,low,eindhoven-reclamebureau.yaml,yes,"Reclamebureau Eindhoven | Webdesign, SEO en online marketing door BDMNL","Reclamebureau Eindhoven voor webdesign, SEO en online groei."
https://meek-bublanina-442e19.netlify.app/reclamebureau/reclamebureau-goes/,/reclamebureau/reclamebureau-goes/,reclamebureau/reclamebureau-goes/index.html,,reclamebureau,goes,old recovery,root page active,low,goes-reclamebureau.yaml,yes,"Reclamebureau Goes | Webdesign, SEO en online marketing door BDMNL","Reclamebureau Goes voor webdesign, SEO en online groei."
https://meek-bublanina-442e19.netlify.app/reclamebureau/reclamebureau-hellevoetsluis/,/reclamebureau/reclamebureau-hellevoetsluis/,reclamebureau/reclamebureau-hellevoetsluis/index.html,,reclamebureau,hellevoetsluis,old recovery,root page active,low,hellevoetsluis-reclamebureau.yaml,yes,"Reclamebureau Hellevoetsluis | Webdesign, SEO en online marketing door BDMNL","Reclamebureau Hellevoetsluis voor webdesign, SEO en online groei."
https://meek-bublanina-442e19.netlify.app/reclamebureau/reclamebureau-middelburg/,/reclamebureau/reclamebureau-middelburg/,reclamebureau/reclamebureau-middelburg/index.html,,reclamebureau,middelburg,old recovery,root page active,low,middelburg-reclamebureau.yaml,yes,"Reclamebureau Middelburg | Webdesign, SEO en online marketing door BDMNL","Reclamebureau Middelburg voor webdesign, SEO en online groei."
https://meek-bublanina-442e19.netlify.app/reclamebureau/reclamebureau-rockanje/,/reclamebureau/reclamebureau-rockanje/,reclamebureau/reclamebureau-rockanje/index.html,,reclamebureau,rockanje,old recovery,root page active,low,rockanje-reclamebureau.yaml,yes,"Reclamebureau Rockanje | Webdesign, SEO en online marketing door BDMNL","Reclamebureau Rockanje voor webdesign, SEO en online groei."
https://meek-bublanina-442e19.netlify.app/reclamebureau/reclamebureau-roosendaal/,/reclamebureau/reclamebureau-roosendaal/,reclamebureau/reclamebureau-roosendaal/index.html,,reclamebureau,roosendaal,old recovery,root page active,low,roosendaal-reclamebureau.yaml,yes,"Reclamebureau Roosendaal | Webdesign, SEO en online marketing door BDMNL","Reclamebureau Roosendaal voor webdesign, SEO en online groei."
https://meek-bublanina-442e19.netlify.app/reclamebureau/reclamebureau-rotterdam/,/reclamebureau/reclamebureau-rotterdam/,reclamebureau/reclamebureau-rotterdam/index.html,,reclamebureau,rotterdam,old recovery,root page active,low,rotterdam-reclamebureau.yaml,yes,"Reclamebureau Rotterdam | Webdesign, SEO en online marketing door BDMNL","Reclamebureau Rotterdam voor webdesign, SEO en online groei."
https://meek-bublanina-442e19.netlify.app/reclamebureau/reclamebureau-spijkenisse/,/reclamebureau/reclamebureau-spijkenisse/,reclamebureau/reclamebureau-spijkenisse/index.html,,reclamebureau,spijkenisse,old recovery,root page active,low,spijkenisse-reclamebureau.yaml,yes,"Reclamebureau Spijkenisse | Webdesign, SEO en online marketing door BDMNL","Reclamebureau Spijkenisse voor webdesign, SEO en online groei."
https://meek-bublanina-442e19.netlify.app/reclamebureau/reclamebureau-tilburg/,/reclamebureau/reclamebureau-tilburg/,reclamebureau/reclamebureau-tilburg/index.html,,reclamebureau,tilburg,old recovery,root page active,low,tilburg-reclamebureau.yaml,yes,"Reclamebureau Tilburg | Webdesign, SEO en online marketing door BDMNL","Reclamebureau Tilburg voor webdesign, SEO en online groei."
https://meek-bublanina-442e19.netlify.app/reclamebureau/reclamebureau-vlaardingen/,/reclamebureau/reclamebureau-vlaardingen/,reclamebureau/reclamebureau-vlaardingen/index.html,,reclamebureau,vlaardingen,old recovery,root page active,low,vlaardingen-reclamebureau.yaml,yes,"Reclamebureau Vlaardingen | Webdesign, SEO en online marketing door BDMNL","Reclamebureau Vlaardingen voor webdesign, SEO en online groei."
https://meek-bublanina-442e19.netlify.app/seo-bureau-rotterdam/,/seo-bureau-rotterdam/,pages/seo-bureau-rotterdam/index.html,seo-bureau-rotterdam/index.html,SEO bureau,rotterdam,new framework,framework rewrite target,low,rotterdam-seo-bureau.yaml,yes,SEO Bureau Rotterdam | Beter vindbaar | BDMNL,SEO Bureau Rotterdam — Hoger in Google met BDMNL
https://meek-bublanina-442e19.netlify.app/seo/seo-amsterdam/,/seo/seo-amsterdam/,seo/seo-amsterdam/index.html,,support,,old recovery,root page active,low,seo-seo-amsterdam.yaml,yes,SEO Amsterdam | Lokale SEO strategie door BDMNL,SEO Amsterdam voor vindbaarheid die ook vertrouwen opbouwt.
https://meek-bublanina-442e19.netlify.app/seo/seo-breda/,/seo/seo-breda/,seo/seo-breda/index.html,,support,,old recovery,root page active,low,seo-seo-breda.yaml,yes,SEO Breda | Lokale SEO strategie door BDMNL,SEO Breda voor vindbaarheid die ook vertrouwen opbouwt.
https://meek-bublanina-442e19.netlify.app/seo/seo-den-haag/,/seo/seo-den-haag/,seo/seo-den-haag/index.html,,support,,old recovery,root page active,low,seo-seo-den-haag.yaml,yes,SEO Den Haag | Lokale SEO strategie door BDMNL,SEO Den Haag voor vindbaarheid die ook vertrouwen opbouwt.
https://meek-bublanina-442e19.netlify.app/seo/seo-dordrecht/,/seo/seo-dordrecht/,seo/seo-dordrecht/index.html,,support,,old recovery,root page active,low,seo-seo-dordrecht.yaml,yes,SEO Dordrecht | Lokale SEO strategie door BDMNL,SEO Dordrecht voor vindbaarheid die ook vertrouwen opbouwt.
https://meek-bublanina-442e19.netlify.app/seo/seo-goes/,/seo/seo-goes/,seo/seo-goes/index.html,,support,,old recovery,root page active,low,seo-seo-goes.yaml,yes,SEO Goes | Lokale SEO strategie door BDMNL,SEO Goes voor vindbaarheid die ook vertrouwen opbouwt.
https://meek-bublanina-442e19.netlify.app/seo/seo-rotterdam/,/seo/seo-rotterdam/,seo/seo-rotterdam/index.html,,support,,old recovery,root page active,low,seo-seo-rotterdam.yaml,yes,SEO Rotterdam | Lokale SEO strategie door BDMNL,SEO Rotterdam voor vindbaarheid die ook vertrouwen opbouwt.
https://meek-bublanina-442e19.netlify.app/seo/zoekmachine-optimalisatie-rotterdam/,/seo/zoekmachine-optimalisatie-rotterdam/,seo/zoekmachine-optimalisatie-rotterdam/index.html,,support,,old recovery,root page active,low,seo-zoekmachine-optimalisatie-rotterdam.yaml,yes,Zoekmachine optimalisatie Rotterdam | Lokale SEO strategie door BDMNL,Zoekmachine optimalisatie Rotterdam voor vindbaarheid die ook vertrouwen opbouwt.
https://meek-bublanina-442e19.netlify.app/social-media/social-media-brielle/,/social-media/social-media-brielle/,social-media/social-media-brielle/index.html,,support,,old recovery,root page active,low,social-media-social-media-brielle.yaml,yes,Social media Brielle | Content en planning door BDMNL,Social media Brielle met content die past bij je merk.
https://meek-bublanina-442e19.netlify.app/social-media/social-media-dordrecht/,/social-media/social-media-dordrecht/,social-media/social-media-dordrecht/index.html,,support,,old recovery,root page active,low,social-media-social-media-dordrecht.yaml,yes,Social media Dordrecht | Content en planning door BDMNL,Social media Dordrecht met content die past bij je merk.
https://meek-bublanina-442e19.netlify.app/social-media/social-media-goes/,/social-media/social-media-goes/,social-media/social-media-goes/index.html,,support,,old recovery,root page active,low,social-media-social-media-goes.yaml,yes,Social media Goes | Content en planning door BDMNL,Social media Goes met content die past bij je merk.
https://meek-bublanina-442e19.netlify.app/social-media/social-media-rotterdam/,/social-media/social-media-rotterdam/,social-media/social-media-rotterdam/index.html,,support,,old recovery,root page active,low,social-media-social-media-rotterdam.yaml,yes,Social media Rotterdam | Content en planning door BDMNL,Social media Rotterdam met content die past bij je merk.
https://meek-bublanina-442e19.netlify.app/social-media/social-media-vlaardingen/,/social-media/social-media-vlaardingen/,social-media/social-media-vlaardingen/index.html,,support,,old recovery,root page active,low,social-media-social-media-vlaardingen.yaml,yes,Social media Vlaardingen | Content en planning door BDMNL,Social media Vlaardingen met content die past bij je merk.
https://meek-bublanina-442e19.netlify.app/van-bulldog-media-naar-bdmnl/,/van-bulldog-media-naar-bdmnl/,van-bulldog-media-naar-bdmnl/index.html,,support,,old recovery,root page active,low,van-bulldog-media-naar-bdmnl.yaml,yes,Van Bulldog Media naar BDMNL | Het verhaal achter de rebrand,Van Bulldog Media naar BDMNL.
https://meek-bublanina-442e19.netlify.app/website-laten-maken-rotterdam/,/website-laten-maken-rotterdam/,pages/website-laten-maken-rotterdam/index.html,website-laten-maken-rotterdam/index.html,website laten maken,rotterdam,new framework,framework rewrite target,low,rotterdam-website-laten-maken.yaml,yes,Webdesign Rotterdam | Premium websites | BDMNL,Professioneel Webdesign Rotterdam — BDMNL
