url,path,city,region,service,keyword,reason,generated_status,excluded_if
https://seo.bdmnl.nl/website-laten-maken-rotterdam/,/website-laten-maken-rotterdam/,Rotterdam,Zuid-Holland,Website laten maken,Website laten maken,Priority regional commercial page absent from current recovery coverage.,created,"temporary, preview, duplicate-only or no commercial SEO value"
https://seo.bdmnl.nl/seo-bureau-rotterdam/,/seo-bureau-rotterdam/,Rotterdam,Zuid-Holland,SEO,SEO bureau,Priority regional commercial page absent from current recovery coverage.,created,"temporary, preview, duplicate-only or no commercial SEO value"
https://seo.bdmnl.nl/online-marketing/online-marketing-rotterdam/,/online-marketing/online-marketing-rotterdam/,Rotterdam,Zuid-Holland,Online marketing,Online marketing,Priority regional commercial page absent from current recovery coverage.,created,"temporary, preview, duplicate-only or no commercial SEO value"
https://seo.bdmnl.nl/social-media-beheer-rotterdam/,/social-media-beheer-rotterdam/,Rotterdam,Zuid-Holland,Social media,Social media beheer,Priority regional commercial page absent from current recovery coverage.,created,"temporary, preview, duplicate-only or no commercial SEO value"
https://seo.bdmnl.nl/website-laten-maken-brielle/,/website-laten-maken-brielle/,Brielle,Zuid-Holland,Website laten maken,Website laten maken,Priority regional commercial page absent from current recovery coverage.,created,"temporary, preview, duplicate-only or no commercial SEO value"
https://seo.bdmnl.nl/seo-bureau-brielle/,/seo-bureau-brielle/,Brielle,Zuid-Holland,SEO,SEO bureau,Priority regional commercial page absent from current recovery coverage.,created,"temporary, preview, duplicate-only or no commercial SEO value"
https://seo.bdmnl.nl/social-media-beheer-brielle/,/social-media-beheer-brielle/,Brielle,Zuid-Holland,Social media,Social media beheer,Priority regional commercial page absent from current recovery coverage.,created,"temporary, preview, duplicate-only or no commercial SEO value"
https://seo.bdmnl.nl/webdesign/webdesign-hellevoetsluis/,/webdesign/webdesign-hellevoetsluis/,Hellevoetsluis,Zuid-Holland,Webdesign,Webdesign,Priority regional commercial page absent from current recovery coverage.,created,"temporary, preview, duplicate-only or no commercial SEO value"
https://seo.bdmnl.nl/website-laten-maken-hellevoetsluis/,/website-laten-maken-hellevoetsluis/,Hellevoetsluis,Zuid-Holland,Website laten maken,Website laten maken,Priority regional commercial page absent from current recovery coverage.,created,"temporary, preview, duplicate-only or no commercial SEO value"
https://seo.bdmnl.nl/seo-bureau-hellevoetsluis/,/seo-bureau-hellevoetsluis/,Hellevoetsluis,Zuid-Holland,SEO,SEO bureau,Priority regional commercial page absent from current recovery coverage.,created,"temporary, preview, duplicate-only or no commercial SEO value"
https://seo.bdmnl.nl/online-marketing/online-marketing-hellevoetsluis/,/online-marketing/online-marketing-hellevoetsluis/,Hellevoetsluis,Zuid-Holland,Online marketing,Online marketing,Priority regional commercial page absent from current recovery coverage.,created,"temporary, preview, duplicate-only or no commercial SEO value"
https://seo.bdmnl.nl/social-media-beheer-hellevoetsluis/,/social-media-beheer-hellevoetsluis/,Hellevoetsluis,Zuid-Holland,Social media,Social media beheer,Priority regional commercial page absent from current recovery coverage.,created,"temporary, preview, duplicate-only or no commercial SEO value"
https://seo.bdmnl.nl/reclamebureau/reclamebureau-hellevoetsluis/,/reclamebureau/reclamebureau-hellevoetsluis/,Hellevoetsluis,Zuid-Holland,Reclamebureau,Reclamebureau,Priority regional commercial page absent from current recovery coverage.,created,"temporary, preview, duplicate-only or no commercial SEO value"
https://seo.bdmnl.nl/webdesign/webdesign-rockanje/,/webdesign/webdesign-rockanje/,Rockanje,Zuid-Holland,Webdesign,Webdesign,Priority regional commercial page absent from current recovery coverage.,created,"temporary, preview, duplicate-only or no commercial SEO value"
https://seo.bdmnl.nl/website-laten-maken-rockanje/,/website-laten-maken-rockanje/,Rockanje,Zuid-Holland,Website laten maken,Website laten maken,Priority regional commercial page absent from current recovery coverage.,created,"temporary, preview, duplicate-only or no commercial SEO value"
https://seo.bdmnl.nl/seo-bureau-rockanje/,/seo-bureau-rockanje/,Rockanje,Zuid-Holland,SEO,SEO bureau,Priority regional commercial page absent from current recovery coverage.,created,"temporary, preview, duplicate-only or no commercial SEO value"
https://seo.bdmnl.nl/online-marketing/online-marketing-rockanje/,/online-marketing/online-marketing-rockanje/,Rockanje,Zuid-Holland,Online marketing,Online marketing,Priority regional commercial page absent from current recovery coverage.,created,"temporary, preview, duplicate-only or no commercial SEO value"
https://seo.bdmnl.nl/social-media-beheer-rockanje/,/social-media-beheer-rockanje/,Rockanje,Zuid-Holland,Social media,Social media beheer,Priority regional commercial page absent from current recovery coverage.,created,"temporary, preview, duplicate-only or no commercial SEO value"
https://seo.bdmnl.nl/reclamebureau/reclamebureau-rockanje/,/reclamebureau/reclamebureau-rockanje/,Rockanje,Zuid-Holland,Reclamebureau,Reclamebureau,Priority regional commercial page absent from current recovery coverage.,created,"temporary, preview, duplicate-only or no commercial SEO value"
https://seo.bdmnl.nl/webdesign/webdesign-spijkenisse/,/webdesign/webdesign-spijkenisse/,Spijkenisse,Zuid-Holland,Webdesign,Webdesign,Priority regional commercial page absent from current recovery coverage.,created,"temporary, preview, duplicate-only or no commercial SEO value"
https://seo.bdmnl.nl/website-laten-maken-spijkenisse/,/website-laten-maken-spijkenisse/,Spijkenisse,Zuid-Holland,Website laten maken,Website laten maken,Priority regional commercial page absent from current recovery coverage.,created,"temporary, preview, duplicate-only or no commercial SEO value"
https://seo.bdmnl.nl/seo-bureau-spijkenisse/,/seo-bureau-spijkenisse/,Spijkenisse,Zuid-Holland,SEO,SEO bureau,Priority regional commercial page absent from current recovery coverage.,created,"temporary, preview, duplicate-only or no commercial SEO value"
https://seo.bdmnl.nl/online-marketing/online-marketing-spijkenisse/,/online-marketing/online-marketing-spijkenisse/,Spijkenisse,Zuid-Holland,Online marketing,Online marketing,Priority regional commercial page absent from current recovery coverage.,created,"temporary, preview, duplicate-only or no commercial SEO value"
https://seo.bdmnl.nl/social-media-beheer-spijkenisse/,/social-media-beheer-spijkenisse/,Spijkenisse,Zuid-Holland,Social media,Social media beheer,Priority regional commercial page absent from current recovery coverage.,created,"temporary, preview, duplicate-only or no commercial SEO value"
https://seo.bdmnl.nl/reclamebureau/reclamebureau-spijkenisse/,/reclamebureau/reclamebureau-spijkenisse/,Spijkenisse,Zuid-Holland,Reclamebureau,Reclamebureau,Priority regional commercial page absent from current recovery coverage.,created,"temporary, preview, duplicate-only or no commercial SEO value"
https://seo.bdmnl.nl/website-laten-maken-dordrecht/,/website-laten-maken-dordrecht/,Dordrecht,Zuid-Holland,Website laten maken,Website laten maken,Priority regional commercial page absent from current recovery coverage.,created,"temporary, preview, duplicate-only or no commercial SEO value"
https://seo.bdmnl.nl/seo-bureau-dordrecht/,/seo-bureau-dordrecht/,Dordrecht,Zuid-Holland,SEO,SEO bureau,Priority regional commercial page absent from current recovery coverage.,created,"temporary, preview, duplicate-only or no commercial SEO value"
https://seo.bdmnl.nl/social-media-beheer-dordrecht/,/social-media-beheer-dordrecht/,Dordrecht,Zuid-Holland,Social media,Social media beheer,Priority regional commercial page absent from current recovery coverage.,created,"temporary, preview, duplicate-only or no commercial SEO value"
https://seo.bdmnl.nl/website-laten-maken-vlaardingen/,/website-laten-maken-vlaardingen/,Vlaardingen,Zuid-Holland,Website laten maken,Website laten maken,Priority regional commercial page absent from current recovery coverage.,created,"temporary, preview, duplicate-only or no commercial SEO value"
https://seo.bdmnl.nl/seo-bureau-vlaardingen/,/seo-bureau-vlaardingen/,Vlaardingen,Zuid-Holland,SEO,SEO bureau,Priority regional commercial page absent from current recovery coverage.,created,"temporary, preview, duplicate-only or no commercial SEO value"
https://seo.bdmnl.nl/social-media-beheer-vlaardingen/,/social-media-beheer-vlaardingen/,Vlaardingen,Zuid-Holland,Social media,Social media beheer,Priority regional commercial page absent from current recovery coverage.,created,"temporary, preview, duplicate-only or no commercial SEO value"
https://seo.bdmnl.nl/website-laten-maken-den-haag/,/website-laten-maken-den-haag/,Den Haag,Zuid-Holland,Website laten maken,Website laten maken,Priority regional commercial page absent from current recovery coverage.,created,"temporary, preview, duplicate-only or no commercial SEO value"
https://seo.bdmnl.nl/seo-bureau-den-haag/,/seo-bureau-den-haag/,Den Haag,Zuid-Holland,SEO,SEO bureau,Priority regional commercial page absent from current recovery coverage.,created,"temporary, preview, duplicate-only or no commercial SEO value"
https://seo.bdmnl.nl/online-marketing/online-marketing-den-haag/,/online-marketing/online-marketing-den-haag/,Den Haag,Zuid-Holland,Online marketing,Online marketing,Priority regional commercial page absent from current recovery coverage.,created,"temporary, preview, duplicate-only or no commercial SEO value"
https://seo.bdmnl.nl/social-media-beheer-den-haag/,/social-media-beheer-den-haag/,Den Haag,Zuid-Holland,Social media,Social media beheer,Priority regional commercial page absent from current recovery coverage.,created,"temporary, preview, duplicate-only or no commercial SEO value"
https://seo.bdmnl.nl/reclamebureau/reclamebureau-den-haag/,/reclamebureau/reclamebureau-den-haag/,Den Haag,Zuid-Holland,Reclamebureau,Reclamebureau,Priority regional commercial page absent from current recovery coverage.,created,"temporary, preview, duplicate-only or no commercial SEO value"
https://seo.bdmnl.nl/website-laten-maken-goes/,/website-laten-maken-goes/,Goes,Zeeland,Website laten maken,Website laten maken,Priority regional commercial page absent from current recovery coverage.,created,"temporary, preview, duplicate-only or no commercial SEO value"
https://seo.bdmnl.nl/seo-bureau-goes/,/seo-bureau-goes/,Goes,Zeeland,SEO,SEO bureau,Priority regional commercial page absent from current recovery coverage.,created,"temporary, preview, duplicate-only or no commercial SEO value"
https://seo.bdmnl.nl/social-media-beheer-goes/,/social-media-beheer-goes/,Goes,Zeeland,Social media,Social media beheer,Priority regional commercial page absent from current recovery coverage.,created,"temporary, preview, duplicate-only or no commercial SEO value"
https://seo.bdmnl.nl/website-laten-maken-middelburg/,/website-laten-maken-middelburg/,Middelburg,Zeeland,Website laten maken,Website laten maken,Priority regional commercial page absent from current recovery coverage.,created,"temporary, preview, duplicate-only or no commercial SEO value"
https://seo.bdmnl.nl/seo-bureau-middelburg/,/seo-bureau-middelburg/,Middelburg,Zeeland,SEO,SEO bureau,Priority regional commercial page absent from current recovery coverage.,created,"temporary, preview, duplicate-only or no commercial SEO value"
https://seo.bdmnl.nl/online-marketing/online-marketing-middelburg/,/online-marketing/online-marketing-middelburg/,Middelburg,Zeeland,Online marketing,Online marketing,Priority regional commercial page absent from current recovery coverage.,created,"temporary, preview, duplicate-only or no commercial SEO value"
https://seo.bdmnl.nl/social-media-beheer-middelburg/,/social-media-beheer-middelburg/,Middelburg,Zeeland,Social media,Social media beheer,Priority regional commercial page absent from current recovery coverage.,created,"temporary, preview, duplicate-only or no commercial SEO value"
https://seo.bdmnl.nl/reclamebureau/reclamebureau-middelburg/,/reclamebureau/reclamebureau-middelburg/,Middelburg,Zeeland,Reclamebureau,Reclamebureau,Priority regional commercial page absent from current recovery coverage.,created,"temporary, preview, duplicate-only or no commercial SEO value"
https://seo.bdmnl.nl/website-laten-maken-breda/,/website-laten-maken-breda/,Breda,Noord-Brabant,Website laten maken,Website laten maken,Priority regional commercial page absent from current recovery coverage.,created,"temporary, preview, duplicate-only or no commercial SEO value"
https://seo.bdmnl.nl/seo-bureau-breda/,/seo-bureau-breda/,Breda,Noord-Brabant,SEO,SEO bureau,Priority regional commercial page absent from current recovery coverage.,created,"temporary, preview, duplicate-only or no commercial SEO value"
https://seo.bdmnl.nl/online-marketing/online-marketing-breda/,/online-marketing/online-marketing-breda/,Breda,Noord-Brabant,Online marketing,Online marketing,Priority regional commercial page absent from current recovery coverage.,created,"temporary, preview, duplicate-only or no commercial SEO value"
https://seo.bdmnl.nl/social-media-beheer-breda/,/social-media-beheer-breda/,Breda,Noord-Brabant,Social media,Social media beheer,Priority regional commercial page absent from current recovery coverage.,created,"temporary, preview, duplicate-only or no commercial SEO value"
https://seo.bdmnl.nl/reclamebureau/reclamebureau-breda/,/reclamebureau/reclamebureau-breda/,Breda,Noord-Brabant,Reclamebureau,Reclamebureau,Priority regional commercial page absent from current recovery coverage.,created,"temporary, preview, duplicate-only or no commercial SEO value"
https://seo.bdmnl.nl/webdesign/webdesign-tilburg/,/webdesign/webdesign-tilburg/,Tilburg,Noord-Brabant,Webdesign,Webdesign,Priority regional commercial page absent from current recovery coverage.,created,"temporary, preview, duplicate-only or no commercial SEO value"
https://seo.bdmnl.nl/website-laten-maken-tilburg/,/website-laten-maken-tilburg/,Tilburg,Noord-Brabant,Website laten maken,Website laten maken,Priority regional commercial page absent from current recovery coverage.,created,"temporary, preview, duplicate-only or no commercial SEO value"
https://seo.bdmnl.nl/seo-bureau-tilburg/,/seo-bureau-tilburg/,Tilburg,Noord-Brabant,SEO,SEO bureau,Priority regional commercial page absent from current recovery coverage.,created,"temporary, preview, duplicate-only or no commercial SEO value"
https://seo.bdmnl.nl/online-marketing/online-marketing-tilburg/,/online-marketing/online-marketing-tilburg/,Tilburg,Noord-Brabant,Online marketing,Online marketing,Priority regional commercial page absent from current recovery coverage.,created,"temporary, preview, duplicate-only or no commercial SEO value"
https://seo.bdmnl.nl/social-media-beheer-tilburg/,/social-media-beheer-tilburg/,Tilburg,Noord-Brabant,Social media,Social media beheer,Priority regional commercial page absent from current recovery coverage.,created,"temporary, preview, duplicate-only or no commercial SEO value"
https://seo.bdmnl.nl/reclamebureau/reclamebureau-tilburg/,/reclamebureau/reclamebureau-tilburg/,Tilburg,Noord-Brabant,Reclamebureau,Reclamebureau,Priority regional commercial page absent from current recovery coverage.,created,"temporary, preview, duplicate-only or no commercial SEO value"
https://seo.bdmnl.nl/webdesign/webdesign-eindhoven/,/webdesign/webdesign-eindhoven/,Eindhoven,Noord-Brabant,Webdesign,Webdesign,Priority regional commercial page absent from current recovery coverage.,created,"temporary, preview, duplicate-only or no commercial SEO value"
https://seo.bdmnl.nl/website-laten-maken-eindhoven/,/website-laten-maken-eindhoven/,Eindhoven,Noord-Brabant,Website laten maken,Website laten maken,Priority regional commercial page absent from current recovery coverage.,created,"temporary, preview, duplicate-only or no commercial SEO value"
https://seo.bdmnl.nl/seo-bureau-eindhoven/,/seo-bureau-eindhoven/,Eindhoven,Noord-Brabant,SEO,SEO bureau,Priority regional commercial page absent from current recovery coverage.,created,"temporary, preview, duplicate-only or no commercial SEO value"
https://seo.bdmnl.nl/online-marketing/online-marketing-eindhoven/,/online-marketing/online-marketing-eindhoven/,Eindhoven,Noord-Brabant,Online marketing,Online marketing,Priority regional commercial page absent from current recovery coverage.,created,"temporary, preview, duplicate-only or no commercial SEO value"
https://seo.bdmnl.nl/social-media-beheer-eindhoven/,/social-media-beheer-eindhoven/,Eindhoven,Noord-Brabant,Social media,Social media beheer,Priority regional commercial page absent from current recovery coverage.,created,"temporary, preview, duplicate-only or no commercial SEO value"
https://seo.bdmnl.nl/reclamebureau/reclamebureau-eindhoven/,/reclamebureau/reclamebureau-eindhoven/,Eindhoven,Noord-Brabant,Reclamebureau,Reclamebureau,Priority regional commercial page absent from current recovery coverage.,created,"temporary, preview, duplicate-only or no commercial SEO value"
https://seo.bdmnl.nl/webdesign/webdesign-roosendaal/,/webdesign/webdesign-roosendaal/,Roosendaal,Noord-Brabant,Webdesign,Webdesign,Priority regional commercial page absent from current recovery coverage.,created,"temporary, preview, duplicate-only or no commercial SEO value"
https://seo.bdmnl.nl/website-laten-maken-roosendaal/,/website-laten-maken-roosendaal/,Roosendaal,Noord-Brabant,Website laten maken,Website laten maken,Priority regional commercial page absent from current recovery coverage.,created,"temporary, preview, duplicate-only or no commercial SEO value"
https://seo.bdmnl.nl/seo-bureau-roosendaal/,/seo-bureau-roosendaal/,Roosendaal,Noord-Brabant,SEO,SEO bureau,Priority regional commercial page absent from current recovery coverage.,created,"temporary, preview, duplicate-only or no commercial SEO value"
https://seo.bdmnl.nl/online-marketing/online-marketing-roosendaal/,/online-marketing/online-marketing-roosendaal/,Roosendaal,Noord-Brabant,Online marketing,Online marketing,Priority regional commercial page absent from current recovery coverage.,created,"temporary, preview, duplicate-only or no commercial SEO value"
https://seo.bdmnl.nl/social-media-beheer-roosendaal/,/social-media-beheer-roosendaal/,Roosendaal,Noord-Brabant,Social media,Social media beheer,Priority regional commercial page absent from current recovery coverage.,created,"temporary, preview, duplicate-only or no commercial SEO value"
https://seo.bdmnl.nl/reclamebureau/reclamebureau-roosendaal/,/reclamebureau/reclamebureau-roosendaal/,Roosendaal,Noord-Brabant,Reclamebureau,Reclamebureau,Priority regional commercial page absent from current recovery coverage.,created,"temporary, preview, duplicate-only or no commercial SEO value"
https://seo.bdmnl.nl/webdesign/webdesign-bergen-op-zoom/,/webdesign/webdesign-bergen-op-zoom/,Bergen op Zoom,Noord-Brabant,Webdesign,Webdesign,Priority regional commercial page absent from current recovery coverage.,created,"temporary, preview, duplicate-only or no commercial SEO value"
https://seo.bdmnl.nl/website-laten-maken-bergen-op-zoom/,/website-laten-maken-bergen-op-zoom/,Bergen op Zoom,Noord-Brabant,Website laten maken,Website laten maken,Priority regional commercial page absent from current recovery coverage.,created,"temporary, preview, duplicate-only or no commercial SEO value"
https://seo.bdmnl.nl/seo-bureau-bergen-op-zoom/,/seo-bureau-bergen-op-zoom/,Bergen op Zoom,Noord-Brabant,SEO,SEO bureau,Priority regional commercial page absent from current recovery coverage.,created,"temporary, preview, duplicate-only or no commercial SEO value"
https://seo.bdmnl.nl/online-marketing/online-marketing-bergen-op-zoom/,/online-marketing/online-marketing-bergen-op-zoom/,Bergen op Zoom,Noord-Brabant,Online marketing,Online marketing,Priority regional commercial page absent from current recovery coverage.,created,"temporary, preview, duplicate-only or no commercial SEO value"
https://seo.bdmnl.nl/social-media-beheer-bergen-op-zoom/,/social-media-beheer-bergen-op-zoom/,Bergen op Zoom,Noord-Brabant,Social media,Social media beheer,Priority regional commercial page absent from current recovery coverage.,created,"temporary, preview, duplicate-only or no commercial SEO value"
https://seo.bdmnl.nl/reclamebureau/reclamebureau-bergen-op-zoom/,/reclamebureau/reclamebureau-bergen-op-zoom/,Bergen op Zoom,Noord-Brabant,Reclamebureau,Reclamebureau,Priority regional commercial page absent from current recovery coverage.,created,"temporary, preview, duplicate-only or no commercial SEO value"
