url,path,city,region,service,keyword,status_before_expansion,classification,reason,source
https://seo.bdmnl.nl/,/,,,homepage,BDMNL digital agency,existing-live,strong,"Live recovery homepage with service/city discovery links, metadata, schema and CTA.",recovery-homepage
https://seo.bdmnl.nl/webdesign/webdesign-brielle/,/webdesign/webdesign-brielle/,Brielle,Zuid-Holland,Webdesign,Webdesign,existing-live,strong,"Live generated recovery page with metadata, schema, FAQ, CTA blocks and internal links.",historical-recovery-system
https://seo.bdmnl.nl/webdesign/webdesign-rotterdam/,/webdesign/webdesign-rotterdam/,Rotterdam,Zuid-Holland,Webdesign,Webdesign,existing-live,strong,"Live generated recovery page with metadata, schema, FAQ, CTA blocks and internal links.",historical-recovery-system
https://seo.bdmnl.nl/webdesign/webdesign-goes/,/webdesign/webdesign-goes/,Goes,Zeeland,Webdesign,Webdesign,existing-live,strong,"Live generated recovery page with metadata, schema, FAQ, CTA blocks and internal links.",historical-recovery-system
https://seo.bdmnl.nl/webdesign/webdesign-dordrecht/,/webdesign/webdesign-dordrecht/,Dordrecht,Zuid-Holland,Webdesign,Webdesign,existing-live,strong,"Live generated recovery page with metadata, schema, FAQ, CTA blocks and internal links.",historical-recovery-system
https://seo.bdmnl.nl/webdesign/webdesign-vlaardingen/,/webdesign/webdesign-vlaardingen/,Vlaardingen,Zuid-Holland,Webdesign,Webdesign,existing-live,strong,"Live generated recovery page with metadata, schema, FAQ, CTA blocks and internal links.",historical-recovery-system
https://seo.bdmnl.nl/webdesign/webdesign-breda/,/webdesign/webdesign-breda/,Breda,Noord-Brabant,Webdesign,Webdesign,existing-live,strong,"Live generated recovery page with metadata, schema, FAQ, CTA blocks and internal links.",historical-recovery-system
https://seo.bdmnl.nl/webdesign/webdesign-amsterdam/,/webdesign/webdesign-amsterdam/,Amsterdam,Noord-Holland,Webdesign,Webdesign,existing-live,strong,"Live generated recovery page with metadata, schema, FAQ, CTA blocks and internal links.",historical-recovery-system
https://seo.bdmnl.nl/webdesign/webdesign-den-haag/,/webdesign/webdesign-den-haag/,Den Haag,Zuid-Holland,Webdesign,Webdesign,existing-live,strong,"Live generated recovery page with metadata, schema, FAQ, CTA blocks and internal links.",historical-recovery-system
https://seo.bdmnl.nl/webdesign/webdesign-middelburg/,/webdesign/webdesign-middelburg/,Middelburg,Zeeland,Webdesign,Webdesign,existing-live,strong,"Live generated recovery page with metadata, schema, FAQ, CTA blocks and internal links.",historical-recovery-system
https://seo.bdmnl.nl/seo/seo-rotterdam/,/seo/seo-rotterdam/,Rotterdam,Zuid-Holland,SEO,SEO,existing-live,redirect candidate,Historical route overlaps a newer service/city cluster and should be reviewed before consolidation.,historical-recovery-system
https://seo.bdmnl.nl/seo/seo-bureau-rotterdam/,/seo/seo-bureau-rotterdam/,Rotterdam,Zuid-Holland,SEO,SEO bureau,existing-live,redirect candidate,Historical route overlaps a newer service/city cluster and should be reviewed before consolidation.,historical-recovery-system
https://seo.bdmnl.nl/seo/zoekmachine-optimalisatie-rotterdam/,/seo/zoekmachine-optimalisatie-rotterdam/,Rotterdam,Zuid-Holland,SEO,Zoekmachine optimalisatie,existing-live,redirect candidate,Historical route overlaps a newer service/city cluster and should be reviewed before consolidation.,historical-recovery-system
https://seo.bdmnl.nl/seo/seo-goes/,/seo/seo-goes/,Goes,Zeeland,SEO,SEO,existing-live,redirect candidate,Historical route overlaps a newer service/city cluster and should be reviewed before consolidation.,historical-recovery-system
https://seo.bdmnl.nl/seo/seo-dordrecht/,/seo/seo-dordrecht/,Dordrecht,Zuid-Holland,SEO,SEO,existing-live,redirect candidate,Historical route overlaps a newer service/city cluster and should be reviewed before consolidation.,historical-recovery-system
https://seo.bdmnl.nl/seo/seo-amsterdam/,/seo/seo-amsterdam/,Amsterdam,Noord-Holland,SEO,SEO,existing-live,strong,"Live generated recovery page with metadata, schema, FAQ, CTA blocks and internal links.",historical-recovery-system
https://seo.bdmnl.nl/seo/seo-den-haag/,/seo/seo-den-haag/,Den Haag,Zuid-Holland,SEO,SEO,existing-live,redirect candidate,Historical route overlaps a newer service/city cluster and should be reviewed before consolidation.,historical-recovery-system
https://seo.bdmnl.nl/seo/seo-breda/,/seo/seo-breda/,Breda,Noord-Brabant,SEO,SEO,existing-live,redirect candidate,Historical route overlaps a newer service/city cluster and should be reviewed before consolidation.,historical-recovery-system
https://seo.bdmnl.nl/social-media/social-media-brielle/,/social-media/social-media-brielle/,Brielle,Zuid-Holland,Social media,Social media,existing-live,redirect candidate,Historical route overlaps a newer service/city cluster and should be reviewed before consolidation.,historical-recovery-system
https://seo.bdmnl.nl/social-media/social-media-beheer-brielle/,/social-media/social-media-beheer-brielle/,Brielle,Zuid-Holland,Social media,Social media beheer,existing-live,redirect candidate,Historical route overlaps a newer service/city cluster and should be reviewed before consolidation.,historical-recovery-system
https://seo.bdmnl.nl/social-media/social-media-goes/,/social-media/social-media-goes/,Goes,Zeeland,Social media,Social media,existing-live,redirect candidate,Historical route overlaps a newer service/city cluster and should be reviewed before consolidation.,historical-recovery-system
https://seo.bdmnl.nl/social-media/social-media-rotterdam/,/social-media/social-media-rotterdam/,Rotterdam,Zuid-Holland,Social media,Social media,existing-live,redirect candidate,Historical route overlaps a newer service/city cluster and should be reviewed before consolidation.,historical-recovery-system
https://seo.bdmnl.nl/social-media/social-media-dordrecht/,/social-media/social-media-dordrecht/,Dordrecht,Zuid-Holland,Social media,Social media,existing-live,redirect candidate,Historical route overlaps a newer service/city cluster and should be reviewed before consolidation.,historical-recovery-system
https://seo.bdmnl.nl/social-media/social-media-vlaardingen/,/social-media/social-media-vlaardingen/,Vlaardingen,Zuid-Holland,Social media,Social media,existing-live,redirect candidate,Historical route overlaps a newer service/city cluster and should be reviewed before consolidation.,historical-recovery-system
https://seo.bdmnl.nl/online-marketing/online-marketing-goes/,/online-marketing/online-marketing-goes/,Goes,Zeeland,Online marketing,Online marketing,existing-live,strong,"Live generated recovery page with metadata, schema, FAQ, CTA blocks and internal links.",historical-recovery-system
https://seo.bdmnl.nl/online-marketing/online-marketing-brielle/,/online-marketing/online-marketing-brielle/,Brielle,Zuid-Holland,Online marketing,Online marketing,existing-live,strong,"Live generated recovery page with metadata, schema, FAQ, CTA blocks and internal links.",historical-recovery-system
https://seo.bdmnl.nl/online-marketing/online-marketing-dordrecht/,/online-marketing/online-marketing-dordrecht/,Dordrecht,Zuid-Holland,Online marketing,Online marketing,existing-live,strong,"Live generated recovery page with metadata, schema, FAQ, CTA blocks and internal links.",historical-recovery-system
https://seo.bdmnl.nl/online-marketing/online-marketing-vlaardingen/,/online-marketing/online-marketing-vlaardingen/,Vlaardingen,Zuid-Holland,Online marketing,Online marketing,existing-live,strong,"Live generated recovery page with metadata, schema, FAQ, CTA blocks and internal links.",historical-recovery-system
https://seo.bdmnl.nl/reclamebureau/reclamebureau-brielle/,/reclamebureau/reclamebureau-brielle/,Brielle,Zuid-Holland,Reclamebureau,Reclamebureau,existing-live,strong,"Live generated recovery page with metadata, schema, FAQ, CTA blocks and internal links.",historical-recovery-system
https://seo.bdmnl.nl/reclamebureau/reclamebureau-rotterdam/,/reclamebureau/reclamebureau-rotterdam/,Rotterdam,Zuid-Holland,Reclamebureau,Reclamebureau,existing-live,strong,"Live generated recovery page with metadata, schema, FAQ, CTA blocks and internal links.",historical-recovery-system
https://seo.bdmnl.nl/reclamebureau/reclamebureau-goes/,/reclamebureau/reclamebureau-goes/,Goes,Zeeland,Reclamebureau,Reclamebureau,existing-live,strong,"Live generated recovery page with metadata, schema, FAQ, CTA blocks and internal links.",historical-recovery-system
https://seo.bdmnl.nl/reclamebureau/reclamebureau-dordrecht/,/reclamebureau/reclamebureau-dordrecht/,Dordrecht,Zuid-Holland,Reclamebureau,Reclamebureau,existing-live,strong,"Live generated recovery page with metadata, schema, FAQ, CTA blocks and internal links.",historical-recovery-system
https://seo.bdmnl.nl/reclamebureau/reclamebureau-vlaardingen/,/reclamebureau/reclamebureau-vlaardingen/,Vlaardingen,Zuid-Holland,Reclamebureau,Reclamebureau,existing-live,strong,"Live generated recovery page with metadata, schema, FAQ, CTA blocks and internal links.",historical-recovery-system
https://seo.bdmnl.nl/seo-bureau-dirksland/,/seo-bureau-dirksland/,Dirksland,Zuid-Holland,SEO,SEO bureau,existing-live,strong,"Live generated recovery page with metadata, schema, FAQ, CTA blocks and internal links.",historical-recovery-system
https://seo.bdmnl.nl/seo-bureau-goeree-overflakkee/,/seo-bureau-goeree-overflakkee/,Goeree-Overflakkee,Zuid-Holland,SEO,SEO bureau,existing-live,strong,"Live generated recovery page with metadata, schema, FAQ, CTA blocks and internal links.",historical-recovery-system
https://seo.bdmnl.nl/seo-bureau-domburg/,/seo-bureau-domburg/,Domburg,Zeeland,SEO,SEO bureau,existing-live,strong,"Live generated recovery page with metadata, schema, FAQ, CTA blocks and internal links.",historical-recovery-system
https://seo.bdmnl.nl/seo-bureau-zoutelande/,/seo-bureau-zoutelande/,Zoutelande,Zeeland,SEO,SEO bureau,existing-live,strong,"Live generated recovery page with metadata, schema, FAQ, CTA blocks and internal links.",historical-recovery-system
https://seo.bdmnl.nl/seo-bureau-ellemeet/,/seo-bureau-ellemeet/,Ellemeet,Zeeland,SEO,SEO bureau,existing-live,strong,"Live generated recovery page with metadata, schema, FAQ, CTA blocks and internal links.",historical-recovery-system
https://seo.bdmnl.nl/online-marketing-melissant/,/online-marketing-melissant/,Melissant,Zuid-Holland,Online marketing,Online marketing,existing-live,strong,"Live generated recovery page with metadata, schema, FAQ, CTA blocks and internal links.",historical-recovery-system
https://seo.bdmnl.nl/online-marketing-domburg/,/online-marketing-domburg/,Domburg,Zeeland,Online marketing,Online marketing,existing-live,strong,"Live generated recovery page with metadata, schema, FAQ, CTA blocks and internal links.",historical-recovery-system
https://seo.bdmnl.nl/online-marketing-middelburg/,/online-marketing-middelburg/,Middelburg,Zeeland,Online marketing,Online marketing,existing-live,redirect candidate,Historical route overlaps a newer service/city cluster and should be reviewed before consolidation.,historical-recovery-system
https://seo.bdmnl.nl/online-marketing-ouddorp/,/online-marketing-ouddorp/,Ouddorp,Zuid-Holland,Online marketing,Online marketing,existing-live,strong,"Live generated recovery page with metadata, schema, FAQ, CTA blocks and internal links.",historical-recovery-system
https://seo.bdmnl.nl/website-laten-maken-rotterdam/,/website-laten-maken-rotterdam/,Rotterdam,Zuid-Holland,Website laten maken,Website laten maken,missing-before-expansion,missing,Priority service/city URL was not in the previous live recovery set and is generated in this expansion.,priority-expansion
https://seo.bdmnl.nl/seo-bureau-rotterdam/,/seo-bureau-rotterdam/,Rotterdam,Zuid-Holland,SEO,SEO bureau,missing-before-expansion,missing,Priority service/city URL was not in the previous live recovery set and is generated in this expansion.,priority-expansion
https://seo.bdmnl.nl/online-marketing/online-marketing-rotterdam/,/online-marketing/online-marketing-rotterdam/,Rotterdam,Zuid-Holland,Online marketing,Online marketing,missing-before-expansion,missing,Priority service/city URL was not in the previous live recovery set and is generated in this expansion.,priority-expansion
https://seo.bdmnl.nl/social-media-beheer-rotterdam/,/social-media-beheer-rotterdam/,Rotterdam,Zuid-Holland,Social media,Social media beheer,missing-before-expansion,missing,Priority service/city URL was not in the previous live recovery set and is generated in this expansion.,priority-expansion
https://seo.bdmnl.nl/website-laten-maken-brielle/,/website-laten-maken-brielle/,Brielle,Zuid-Holland,Website laten maken,Website laten maken,missing-before-expansion,missing,Priority service/city URL was not in the previous live recovery set and is generated in this expansion.,priority-expansion
https://seo.bdmnl.nl/seo-bureau-brielle/,/seo-bureau-brielle/,Brielle,Zuid-Holland,SEO,SEO bureau,missing-before-expansion,missing,Priority service/city URL was not in the previous live recovery set and is generated in this expansion.,priority-expansion
https://seo.bdmnl.nl/social-media-beheer-brielle/,/social-media-beheer-brielle/,Brielle,Zuid-Holland,Social media,Social media beheer,missing-before-expansion,missing,Priority service/city URL was not in the previous live recovery set and is generated in this expansion.,priority-expansion
https://seo.bdmnl.nl/webdesign/webdesign-hellevoetsluis/,/webdesign/webdesign-hellevoetsluis/,Hellevoetsluis,Zuid-Holland,Webdesign,Webdesign,missing-before-expansion,missing,Priority service/city URL was not in the previous live recovery set and is generated in this expansion.,priority-expansion
https://seo.bdmnl.nl/website-laten-maken-hellevoetsluis/,/website-laten-maken-hellevoetsluis/,Hellevoetsluis,Zuid-Holland,Website laten maken,Website laten maken,missing-before-expansion,missing,Priority service/city URL was not in the previous live recovery set and is generated in this expansion.,priority-expansion
https://seo.bdmnl.nl/seo-bureau-hellevoetsluis/,/seo-bureau-hellevoetsluis/,Hellevoetsluis,Zuid-Holland,SEO,SEO bureau,missing-before-expansion,missing,Priority service/city URL was not in the previous live recovery set and is generated in this expansion.,priority-expansion
https://seo.bdmnl.nl/online-marketing/online-marketing-hellevoetsluis/,/online-marketing/online-marketing-hellevoetsluis/,Hellevoetsluis,Zuid-Holland,Online marketing,Online marketing,missing-before-expansion,missing,Priority service/city URL was not in the previous live recovery set and is generated in this expansion.,priority-expansion
https://seo.bdmnl.nl/social-media-beheer-hellevoetsluis/,/social-media-beheer-hellevoetsluis/,Hellevoetsluis,Zuid-Holland,Social media,Social media beheer,missing-before-expansion,missing,Priority service/city URL was not in the previous live recovery set and is generated in this expansion.,priority-expansion
https://seo.bdmnl.nl/reclamebureau/reclamebureau-hellevoetsluis/,/reclamebureau/reclamebureau-hellevoetsluis/,Hellevoetsluis,Zuid-Holland,Reclamebureau,Reclamebureau,missing-before-expansion,missing,Priority service/city URL was not in the previous live recovery set and is generated in this expansion.,priority-expansion
https://seo.bdmnl.nl/webdesign/webdesign-rockanje/,/webdesign/webdesign-rockanje/,Rockanje,Zuid-Holland,Webdesign,Webdesign,missing-before-expansion,missing,Priority service/city URL was not in the previous live recovery set and is generated in this expansion.,priority-expansion
https://seo.bdmnl.nl/website-laten-maken-rockanje/,/website-laten-maken-rockanje/,Rockanje,Zuid-Holland,Website laten maken,Website laten maken,missing-before-expansion,missing,Priority service/city URL was not in the previous live recovery set and is generated in this expansion.,priority-expansion
https://seo.bdmnl.nl/seo-bureau-rockanje/,/seo-bureau-rockanje/,Rockanje,Zuid-Holland,SEO,SEO bureau,missing-before-expansion,missing,Priority service/city URL was not in the previous live recovery set and is generated in this expansion.,priority-expansion
https://seo.bdmnl.nl/online-marketing/online-marketing-rockanje/,/online-marketing/online-marketing-rockanje/,Rockanje,Zuid-Holland,Online marketing,Online marketing,missing-before-expansion,missing,Priority service/city URL was not in the previous live recovery set and is generated in this expansion.,priority-expansion
https://seo.bdmnl.nl/social-media-beheer-rockanje/,/social-media-beheer-rockanje/,Rockanje,Zuid-Holland,Social media,Social media beheer,missing-before-expansion,missing,Priority service/city URL was not in the previous live recovery set and is generated in this expansion.,priority-expansion
https://seo.bdmnl.nl/reclamebureau/reclamebureau-rockanje/,/reclamebureau/reclamebureau-rockanje/,Rockanje,Zuid-Holland,Reclamebureau,Reclamebureau,missing-before-expansion,missing,Priority service/city URL was not in the previous live recovery set and is generated in this expansion.,priority-expansion
https://seo.bdmnl.nl/webdesign/webdesign-spijkenisse/,/webdesign/webdesign-spijkenisse/,Spijkenisse,Zuid-Holland,Webdesign,Webdesign,missing-before-expansion,missing,Priority service/city URL was not in the previous live recovery set and is generated in this expansion.,priority-expansion
https://seo.bdmnl.nl/website-laten-maken-spijkenisse/,/website-laten-maken-spijkenisse/,Spijkenisse,Zuid-Holland,Website laten maken,Website laten maken,missing-before-expansion,missing,Priority service/city URL was not in the previous live recovery set and is generated in this expansion.,priority-expansion
https://seo.bdmnl.nl/seo-bureau-spijkenisse/,/seo-bureau-spijkenisse/,Spijkenisse,Zuid-Holland,SEO,SEO bureau,missing-before-expansion,missing,Priority service/city URL was not in the previous live recovery set and is generated in this expansion.,priority-expansion
https://seo.bdmnl.nl/online-marketing/online-marketing-spijkenisse/,/online-marketing/online-marketing-spijkenisse/,Spijkenisse,Zuid-Holland,Online marketing,Online marketing,missing-before-expansion,missing,Priority service/city URL was not in the previous live recovery set and is generated in this expansion.,priority-expansion
https://seo.bdmnl.nl/social-media-beheer-spijkenisse/,/social-media-beheer-spijkenisse/,Spijkenisse,Zuid-Holland,Social media,Social media beheer,missing-before-expansion,missing,Priority service/city URL was not in the previous live recovery set and is generated in this expansion.,priority-expansion
https://seo.bdmnl.nl/reclamebureau/reclamebureau-spijkenisse/,/reclamebureau/reclamebureau-spijkenisse/,Spijkenisse,Zuid-Holland,Reclamebureau,Reclamebureau,missing-before-expansion,missing,Priority service/city URL was not in the previous live recovery set and is generated in this expansion.,priority-expansion
https://seo.bdmnl.nl/website-laten-maken-dordrecht/,/website-laten-maken-dordrecht/,Dordrecht,Zuid-Holland,Website laten maken,Website laten maken,missing-before-expansion,missing,Priority service/city URL was not in the previous live recovery set and is generated in this expansion.,priority-expansion
https://seo.bdmnl.nl/seo-bureau-dordrecht/,/seo-bureau-dordrecht/,Dordrecht,Zuid-Holland,SEO,SEO bureau,missing-before-expansion,missing,Priority service/city URL was not in the previous live recovery set and is generated in this expansion.,priority-expansion
https://seo.bdmnl.nl/social-media-beheer-dordrecht/,/social-media-beheer-dordrecht/,Dordrecht,Zuid-Holland,Social media,Social media beheer,missing-before-expansion,missing,Priority service/city URL was not in the previous live recovery set and is generated in this expansion.,priority-expansion
https://seo.bdmnl.nl/website-laten-maken-vlaardingen/,/website-laten-maken-vlaardingen/,Vlaardingen,Zuid-Holland,Website laten maken,Website laten maken,missing-before-expansion,missing,Priority service/city URL was not in the previous live recovery set and is generated in this expansion.,priority-expansion
https://seo.bdmnl.nl/seo-bureau-vlaardingen/,/seo-bureau-vlaardingen/,Vlaardingen,Zuid-Holland,SEO,SEO bureau,missing-before-expansion,missing,Priority service/city URL was not in the previous live recovery set and is generated in this expansion.,priority-expansion
https://seo.bdmnl.nl/social-media-beheer-vlaardingen/,/social-media-beheer-vlaardingen/,Vlaardingen,Zuid-Holland,Social media,Social media beheer,missing-before-expansion,missing,Priority service/city URL was not in the previous live recovery set and is generated in this expansion.,priority-expansion
https://seo.bdmnl.nl/website-laten-maken-den-haag/,/website-laten-maken-den-haag/,Den Haag,Zuid-Holland,Website laten maken,Website laten maken,missing-before-expansion,missing,Priority service/city URL was not in the previous live recovery set and is generated in this expansion.,priority-expansion
https://seo.bdmnl.nl/seo-bureau-den-haag/,/seo-bureau-den-haag/,Den Haag,Zuid-Holland,SEO,SEO bureau,missing-before-expansion,missing,Priority service/city URL was not in the previous live recovery set and is generated in this expansion.,priority-expansion
https://seo.bdmnl.nl/online-marketing/online-marketing-den-haag/,/online-marketing/online-marketing-den-haag/,Den Haag,Zuid-Holland,Online marketing,Online marketing,missing-before-expansion,missing,Priority service/city URL was not in the previous live recovery set and is generated in this expansion.,priority-expansion
https://seo.bdmnl.nl/social-media-beheer-den-haag/,/social-media-beheer-den-haag/,Den Haag,Zuid-Holland,Social media,Social media beheer,missing-before-expansion,missing,Priority service/city URL was not in the previous live recovery set and is generated in this expansion.,priority-expansion
https://seo.bdmnl.nl/reclamebureau/reclamebureau-den-haag/,/reclamebureau/reclamebureau-den-haag/,Den Haag,Zuid-Holland,Reclamebureau,Reclamebureau,missing-before-expansion,missing,Priority service/city URL was not in the previous live recovery set and is generated in this expansion.,priority-expansion
https://seo.bdmnl.nl/website-laten-maken-goes/,/website-laten-maken-goes/,Goes,Zeeland,Website laten maken,Website laten maken,missing-before-expansion,missing,Priority service/city URL was not in the previous live recovery set and is generated in this expansion.,priority-expansion
https://seo.bdmnl.nl/seo-bureau-goes/,/seo-bureau-goes/,Goes,Zeeland,SEO,SEO bureau,missing-before-expansion,missing,Priority service/city URL was not in the previous live recovery set and is generated in this expansion.,priority-expansion
https://seo.bdmnl.nl/social-media-beheer-goes/,/social-media-beheer-goes/,Goes,Zeeland,Social media,Social media beheer,missing-before-expansion,missing,Priority service/city URL was not in the previous live recovery set and is generated in this expansion.,priority-expansion
https://seo.bdmnl.nl/website-laten-maken-middelburg/,/website-laten-maken-middelburg/,Middelburg,Zeeland,Website laten maken,Website laten maken,missing-before-expansion,missing,Priority service/city URL was not in the previous live recovery set and is generated in this expansion.,priority-expansion
https://seo.bdmnl.nl/seo-bureau-middelburg/,/seo-bureau-middelburg/,Middelburg,Zeeland,SEO,SEO bureau,missing-before-expansion,missing,Priority service/city URL was not in the previous live recovery set and is generated in this expansion.,priority-expansion
https://seo.bdmnl.nl/online-marketing/online-marketing-middelburg/,/online-marketing/online-marketing-middelburg/,Middelburg,Zeeland,Online marketing,Online marketing,missing-before-expansion,missing,Priority service/city URL was not in the previous live recovery set and is generated in this expansion.,priority-expansion
https://seo.bdmnl.nl/social-media-beheer-middelburg/,/social-media-beheer-middelburg/,Middelburg,Zeeland,Social media,Social media beheer,missing-before-expansion,missing,Priority service/city URL was not in the previous live recovery set and is generated in this expansion.,priority-expansion
https://seo.bdmnl.nl/reclamebureau/reclamebureau-middelburg/,/reclamebureau/reclamebureau-middelburg/,Middelburg,Zeeland,Reclamebureau,Reclamebureau,missing-before-expansion,missing,Priority service/city URL was not in the previous live recovery set and is generated in this expansion.,priority-expansion
https://seo.bdmnl.nl/website-laten-maken-breda/,/website-laten-maken-breda/,Breda,Noord-Brabant,Website laten maken,Website laten maken,missing-before-expansion,missing,Priority service/city URL was not in the previous live recovery set and is generated in this expansion.,priority-expansion
https://seo.bdmnl.nl/seo-bureau-breda/,/seo-bureau-breda/,Breda,Noord-Brabant,SEO,SEO bureau,missing-before-expansion,missing,Priority service/city URL was not in the previous live recovery set and is generated in this expansion.,priority-expansion
https://seo.bdmnl.nl/online-marketing/online-marketing-breda/,/online-marketing/online-marketing-breda/,Breda,Noord-Brabant,Online marketing,Online marketing,missing-before-expansion,missing,Priority service/city URL was not in the previous live recovery set and is generated in this expansion.,priority-expansion
https://seo.bdmnl.nl/social-media-beheer-breda/,/social-media-beheer-breda/,Breda,Noord-Brabant,Social media,Social media beheer,missing-before-expansion,missing,Priority service/city URL was not in the previous live recovery set and is generated in this expansion.,priority-expansion
https://seo.bdmnl.nl/reclamebureau/reclamebureau-breda/,/reclamebureau/reclamebureau-breda/,Breda,Noord-Brabant,Reclamebureau,Reclamebureau,missing-before-expansion,missing,Priority service/city URL was not in the previous live recovery set and is generated in this expansion.,priority-expansion
https://seo.bdmnl.nl/webdesign/webdesign-tilburg/,/webdesign/webdesign-tilburg/,Tilburg,Noord-Brabant,Webdesign,Webdesign,missing-before-expansion,missing,Priority service/city URL was not in the previous live recovery set and is generated in this expansion.,priority-expansion
https://seo.bdmnl.nl/website-laten-maken-tilburg/,/website-laten-maken-tilburg/,Tilburg,Noord-Brabant,Website laten maken,Website laten maken,missing-before-expansion,missing,Priority service/city URL was not in the previous live recovery set and is generated in this expansion.,priority-expansion
https://seo.bdmnl.nl/seo-bureau-tilburg/,/seo-bureau-tilburg/,Tilburg,Noord-Brabant,SEO,SEO bureau,missing-before-expansion,missing,Priority service/city URL was not in the previous live recovery set and is generated in this expansion.,priority-expansion
https://seo.bdmnl.nl/online-marketing/online-marketing-tilburg/,/online-marketing/online-marketing-tilburg/,Tilburg,Noord-Brabant,Online marketing,Online marketing,missing-before-expansion,missing,Priority service/city URL was not in the previous live recovery set and is generated in this expansion.,priority-expansion
https://seo.bdmnl.nl/social-media-beheer-tilburg/,/social-media-beheer-tilburg/,Tilburg,Noord-Brabant,Social media,Social media beheer,missing-before-expansion,missing,Priority service/city URL was not in the previous live recovery set and is generated in this expansion.,priority-expansion
https://seo.bdmnl.nl/reclamebureau/reclamebureau-tilburg/,/reclamebureau/reclamebureau-tilburg/,Tilburg,Noord-Brabant,Reclamebureau,Reclamebureau,missing-before-expansion,missing,Priority service/city URL was not in the previous live recovery set and is generated in this expansion.,priority-expansion
https://seo.bdmnl.nl/webdesign/webdesign-eindhoven/,/webdesign/webdesign-eindhoven/,Eindhoven,Noord-Brabant,Webdesign,Webdesign,missing-before-expansion,missing,Priority service/city URL was not in the previous live recovery set and is generated in this expansion.,priority-expansion
https://seo.bdmnl.nl/website-laten-maken-eindhoven/,/website-laten-maken-eindhoven/,Eindhoven,Noord-Brabant,Website laten maken,Website laten maken,missing-before-expansion,missing,Priority service/city URL was not in the previous live recovery set and is generated in this expansion.,priority-expansion
https://seo.bdmnl.nl/seo-bureau-eindhoven/,/seo-bureau-eindhoven/,Eindhoven,Noord-Brabant,SEO,SEO bureau,missing-before-expansion,missing,Priority service/city URL was not in the previous live recovery set and is generated in this expansion.,priority-expansion
https://seo.bdmnl.nl/online-marketing/online-marketing-eindhoven/,/online-marketing/online-marketing-eindhoven/,Eindhoven,Noord-Brabant,Online marketing,Online marketing,missing-before-expansion,missing,Priority service/city URL was not in the previous live recovery set and is generated in this expansion.,priority-expansion
https://seo.bdmnl.nl/social-media-beheer-eindhoven/,/social-media-beheer-eindhoven/,Eindhoven,Noord-Brabant,Social media,Social media beheer,missing-before-expansion,missing,Priority service/city URL was not in the previous live recovery set and is generated in this expansion.,priority-expansion
https://seo.bdmnl.nl/reclamebureau/reclamebureau-eindhoven/,/reclamebureau/reclamebureau-eindhoven/,Eindhoven,Noord-Brabant,Reclamebureau,Reclamebureau,missing-before-expansion,missing,Priority service/city URL was not in the previous live recovery set and is generated in this expansion.,priority-expansion
https://seo.bdmnl.nl/webdesign/webdesign-roosendaal/,/webdesign/webdesign-roosendaal/,Roosendaal,Noord-Brabant,Webdesign,Webdesign,missing-before-expansion,missing,Priority service/city URL was not in the previous live recovery set and is generated in this expansion.,priority-expansion
https://seo.bdmnl.nl/website-laten-maken-roosendaal/,/website-laten-maken-roosendaal/,Roosendaal,Noord-Brabant,Website laten maken,Website laten maken,missing-before-expansion,missing,Priority service/city URL was not in the previous live recovery set and is generated in this expansion.,priority-expansion
https://seo.bdmnl.nl/seo-bureau-roosendaal/,/seo-bureau-roosendaal/,Roosendaal,Noord-Brabant,SEO,SEO bureau,missing-before-expansion,missing,Priority service/city URL was not in the previous live recovery set and is generated in this expansion.,priority-expansion
https://seo.bdmnl.nl/online-marketing/online-marketing-roosendaal/,/online-marketing/online-marketing-roosendaal/,Roosendaal,Noord-Brabant,Online marketing,Online marketing,missing-before-expansion,missing,Priority service/city URL was not in the previous live recovery set and is generated in this expansion.,priority-expansion
https://seo.bdmnl.nl/social-media-beheer-roosendaal/,/social-media-beheer-roosendaal/,Roosendaal,Noord-Brabant,Social media,Social media beheer,missing-before-expansion,missing,Priority service/city URL was not in the previous live recovery set and is generated in this expansion.,priority-expansion
https://seo.bdmnl.nl/reclamebureau/reclamebureau-roosendaal/,/reclamebureau/reclamebureau-roosendaal/,Roosendaal,Noord-Brabant,Reclamebureau,Reclamebureau,missing-before-expansion,missing,Priority service/city URL was not in the previous live recovery set and is generated in this expansion.,priority-expansion
https://seo.bdmnl.nl/webdesign/webdesign-bergen-op-zoom/,/webdesign/webdesign-bergen-op-zoom/,Bergen op Zoom,Noord-Brabant,Webdesign,Webdesign,missing-before-expansion,missing,Priority service/city URL was not in the previous live recovery set and is generated in this expansion.,priority-expansion
https://seo.bdmnl.nl/website-laten-maken-bergen-op-zoom/,/website-laten-maken-bergen-op-zoom/,Bergen op Zoom,Noord-Brabant,Website laten maken,Website laten maken,missing-before-expansion,missing,Priority service/city URL was not in the previous live recovery set and is generated in this expansion.,priority-expansion
https://seo.bdmnl.nl/seo-bureau-bergen-op-zoom/,/seo-bureau-bergen-op-zoom/,Bergen op Zoom,Noord-Brabant,SEO,SEO bureau,missing-before-expansion,missing,Priority service/city URL was not in the previous live recovery set and is generated in this expansion.,priority-expansion
https://seo.bdmnl.nl/online-marketing/online-marketing-bergen-op-zoom/,/online-marketing/online-marketing-bergen-op-zoom/,Bergen op Zoom,Noord-Brabant,Online marketing,Online marketing,missing-before-expansion,missing,Priority service/city URL was not in the previous live recovery set and is generated in this expansion.,priority-expansion
https://seo.bdmnl.nl/social-media-beheer-bergen-op-zoom/,/social-media-beheer-bergen-op-zoom/,Bergen op Zoom,Noord-Brabant,Social media,Social media beheer,missing-before-expansion,missing,Priority service/city URL was not in the previous live recovery set and is generated in this expansion.,priority-expansion
https://seo.bdmnl.nl/reclamebureau/reclamebureau-bergen-op-zoom/,/reclamebureau/reclamebureau-bergen-op-zoom/,Bergen op Zoom,Noord-Brabant,Reclamebureau,Reclamebureau,missing-before-expansion,missing,Priority service/city URL was not in the previous live recovery set and is generated in this expansion.,priority-expansion
https://seo.bdmnl.nl/webshop-laten-maken-rotterdam/,/webshop-laten-maken-rotterdam/,Rotterdam,Zuid-Holland,Webshop laten maken,Webshop laten maken,missing-before-expansion,missing,Priority service/city URL was not in the previous live recovery set and is generated in this expansion.,controlled-regional-batch
https://seo.bdmnl.nl/hosting-rotterdam/,/hosting-rotterdam/,Rotterdam,Zuid-Holland,Hosting,Hosting,missing-before-expansion,missing,Priority service/city URL was not in the previous live recovery set and is generated in this expansion.,controlled-regional-batch
https://seo.bdmnl.nl/branding-design-rotterdam/,/branding-design-rotterdam/,Rotterdam,Zuid-Holland,Branding en design,Branding en design,missing-before-expansion,missing,Priority service/city URL was not in the previous live recovery set and is generated in this expansion.,controlled-regional-batch
https://seo.bdmnl.nl/webshop-laten-maken-den-haag/,/webshop-laten-maken-den-haag/,Den Haag,Zuid-Holland,Webshop laten maken,Webshop laten maken,missing-before-expansion,missing,Priority service/city URL was not in the previous live recovery set and is generated in this expansion.,controlled-regional-batch
https://seo.bdmnl.nl/hosting-den-haag/,/hosting-den-haag/,Den Haag,Zuid-Holland,Hosting,Hosting,missing-before-expansion,missing,Priority service/city URL was not in the previous live recovery set and is generated in this expansion.,controlled-regional-batch
https://seo.bdmnl.nl/branding-design-den-haag/,/branding-design-den-haag/,Den Haag,Zuid-Holland,Branding en design,Branding en design,missing-before-expansion,missing,Priority service/city URL was not in the previous live recovery set and is generated in this expansion.,controlled-regional-batch
https://seo.bdmnl.nl/webshop-laten-maken-dordrecht/,/webshop-laten-maken-dordrecht/,Dordrecht,Zuid-Holland,Webshop laten maken,Webshop laten maken,missing-before-expansion,missing,Priority service/city URL was not in the previous live recovery set and is generated in this expansion.,controlled-regional-batch
https://seo.bdmnl.nl/hosting-dordrecht/,/hosting-dordrecht/,Dordrecht,Zuid-Holland,Hosting,Hosting,missing-before-expansion,missing,Priority service/city URL was not in the previous live recovery set and is generated in this expansion.,controlled-regional-batch
https://seo.bdmnl.nl/branding-design-dordrecht/,/branding-design-dordrecht/,Dordrecht,Zuid-Holland,Branding en design,Branding en design,missing-before-expansion,missing,Priority service/city URL was not in the previous live recovery set and is generated in this expansion.,controlled-regional-batch
https://seo.bdmnl.nl/website-laten-maken-leiden/,/website-laten-maken-leiden/,Leiden,Zuid-Holland,Website laten maken,Website laten maken,missing-before-expansion,missing,Priority service/city URL was not in the previous live recovery set and is generated in this expansion.,controlled-regional-batch
https://seo.bdmnl.nl/webshop-laten-maken-leiden/,/webshop-laten-maken-leiden/,Leiden,Zuid-Holland,Webshop laten maken,Webshop laten maken,missing-before-expansion,missing,Priority service/city URL was not in the previous live recovery set and is generated in this expansion.,controlled-regional-batch
https://seo.bdmnl.nl/online-marketing/online-marketing-leiden/,/online-marketing/online-marketing-leiden/,Leiden,Zuid-Holland,Online marketing,Online marketing,missing-before-expansion,missing,Priority service/city URL was not in the previous live recovery set and is generated in this expansion.,controlled-regional-batch
https://seo.bdmnl.nl/social-media-beheer-leiden/,/social-media-beheer-leiden/,Leiden,Zuid-Holland,Social media,Social media beheer,missing-before-expansion,missing,Priority service/city URL was not in the previous live recovery set and is generated in this expansion.,controlled-regional-batch
https://seo.bdmnl.nl/hosting-leiden/,/hosting-leiden/,Leiden,Zuid-Holland,Hosting,Hosting,missing-before-expansion,missing,Priority service/city URL was not in the previous live recovery set and is generated in this expansion.,controlled-regional-batch
https://seo.bdmnl.nl/branding-design-leiden/,/branding-design-leiden/,Leiden,Zuid-Holland,Branding en design,Branding en design,missing-before-expansion,missing,Priority service/city URL was not in the previous live recovery set and is generated in this expansion.,controlled-regional-batch
https://seo.bdmnl.nl/website-laten-maken-delft/,/website-laten-maken-delft/,Delft,Zuid-Holland,Website laten maken,Website laten maken,missing-before-expansion,missing,Priority service/city URL was not in the previous live recovery set and is generated in this expansion.,controlled-regional-batch
https://seo.bdmnl.nl/webshop-laten-maken-delft/,/webshop-laten-maken-delft/,Delft,Zuid-Holland,Webshop laten maken,Webshop laten maken,missing-before-expansion,missing,Priority service/city URL was not in the previous live recovery set and is generated in this expansion.,controlled-regional-batch
https://seo.bdmnl.nl/online-marketing/online-marketing-delft/,/online-marketing/online-marketing-delft/,Delft,Zuid-Holland,Online marketing,Online marketing,missing-before-expansion,missing,Priority service/city URL was not in the previous live recovery set and is generated in this expansion.,controlled-regional-batch
https://seo.bdmnl.nl/social-media-beheer-delft/,/social-media-beheer-delft/,Delft,Zuid-Holland,Social media,Social media beheer,missing-before-expansion,missing,Priority service/city URL was not in the previous live recovery set and is generated in this expansion.,controlled-regional-batch
https://seo.bdmnl.nl/hosting-delft/,/hosting-delft/,Delft,Zuid-Holland,Hosting,Hosting,missing-before-expansion,missing,Priority service/city URL was not in the previous live recovery set and is generated in this expansion.,controlled-regional-batch
https://seo.bdmnl.nl/branding-design-delft/,/branding-design-delft/,Delft,Zuid-Holland,Branding en design,Branding en design,missing-before-expansion,missing,Priority service/city URL was not in the previous live recovery set and is generated in this expansion.,controlled-regional-batch
https://seo.bdmnl.nl/webshop-laten-maken-goes/,/webshop-laten-maken-goes/,Goes,Zeeland,Webshop laten maken,Webshop laten maken,missing-before-expansion,missing,Priority service/city URL was not in the previous live recovery set and is generated in this expansion.,controlled-regional-batch
https://seo.bdmnl.nl/hosting-goes/,/hosting-goes/,Goes,Zeeland,Hosting,Hosting,missing-before-expansion,missing,Priority service/city URL was not in the previous live recovery set and is generated in this expansion.,controlled-regional-batch
https://seo.bdmnl.nl/branding-design-goes/,/branding-design-goes/,Goes,Zeeland,Branding en design,Branding en design,missing-before-expansion,missing,Priority service/city URL was not in the previous live recovery set and is generated in this expansion.,controlled-regional-batch
https://seo.bdmnl.nl/webshop-laten-maken-middelburg/,/webshop-laten-maken-middelburg/,Middelburg,Zeeland,Webshop laten maken,Webshop laten maken,missing-before-expansion,missing,Priority service/city URL was not in the previous live recovery set and is generated in this expansion.,controlled-regional-batch
https://seo.bdmnl.nl/hosting-middelburg/,/hosting-middelburg/,Middelburg,Zeeland,Hosting,Hosting,missing-before-expansion,missing,Priority service/city URL was not in the previous live recovery set and is generated in this expansion.,controlled-regional-batch
https://seo.bdmnl.nl/branding-design-middelburg/,/branding-design-middelburg/,Middelburg,Zeeland,Branding en design,Branding en design,missing-before-expansion,missing,Priority service/city URL was not in the previous live recovery set and is generated in this expansion.,controlled-regional-batch
https://seo.bdmnl.nl/website-laten-maken-vlissingen/,/website-laten-maken-vlissingen/,Vlissingen,Zeeland,Website laten maken,Website laten maken,missing-before-expansion,missing,Priority service/city URL was not in the previous live recovery set and is generated in this expansion.,controlled-regional-batch
https://seo.bdmnl.nl/webshop-laten-maken-vlissingen/,/webshop-laten-maken-vlissingen/,Vlissingen,Zeeland,Webshop laten maken,Webshop laten maken,missing-before-expansion,missing,Priority service/city URL was not in the previous live recovery set and is generated in this expansion.,controlled-regional-batch
https://seo.bdmnl.nl/online-marketing/online-marketing-vlissingen/,/online-marketing/online-marketing-vlissingen/,Vlissingen,Zeeland,Online marketing,Online marketing,missing-before-expansion,missing,Priority service/city URL was not in the previous live recovery set and is generated in this expansion.,controlled-regional-batch
https://seo.bdmnl.nl/social-media-beheer-vlissingen/,/social-media-beheer-vlissingen/,Vlissingen,Zeeland,Social media,Social media beheer,missing-before-expansion,missing,Priority service/city URL was not in the previous live recovery set and is generated in this expansion.,controlled-regional-batch
https://seo.bdmnl.nl/hosting-vlissingen/,/hosting-vlissingen/,Vlissingen,Zeeland,Hosting,Hosting,missing-before-expansion,missing,Priority service/city URL was not in the previous live recovery set and is generated in this expansion.,controlled-regional-batch
https://seo.bdmnl.nl/branding-design-vlissingen/,/branding-design-vlissingen/,Vlissingen,Zeeland,Branding en design,Branding en design,missing-before-expansion,missing,Priority service/city URL was not in the previous live recovery set and is generated in this expansion.,controlled-regional-batch
https://seo.bdmnl.nl/website-laten-maken-terneuzen/,/website-laten-maken-terneuzen/,Terneuzen,Zeeland,Website laten maken,Website laten maken,missing-before-expansion,missing,Priority service/city URL was not in the previous live recovery set and is generated in this expansion.,controlled-regional-batch
https://seo.bdmnl.nl/webshop-laten-maken-terneuzen/,/webshop-laten-maken-terneuzen/,Terneuzen,Zeeland,Webshop laten maken,Webshop laten maken,missing-before-expansion,missing,Priority service/city URL was not in the previous live recovery set and is generated in this expansion.,controlled-regional-batch
https://seo.bdmnl.nl/online-marketing/online-marketing-terneuzen/,/online-marketing/online-marketing-terneuzen/,Terneuzen,Zeeland,Online marketing,Online marketing,missing-before-expansion,missing,Priority service/city URL was not in the previous live recovery set and is generated in this expansion.,controlled-regional-batch
https://seo.bdmnl.nl/social-media-beheer-terneuzen/,/social-media-beheer-terneuzen/,Terneuzen,Zeeland,Social media,Social media beheer,missing-before-expansion,missing,Priority service/city URL was not in the previous live recovery set and is generated in this expansion.,controlled-regional-batch
https://seo.bdmnl.nl/hosting-terneuzen/,/hosting-terneuzen/,Terneuzen,Zeeland,Hosting,Hosting,missing-before-expansion,missing,Priority service/city URL was not in the previous live recovery set and is generated in this expansion.,controlled-regional-batch
https://seo.bdmnl.nl/branding-design-terneuzen/,/branding-design-terneuzen/,Terneuzen,Zeeland,Branding en design,Branding en design,missing-before-expansion,missing,Priority service/city URL was not in the previous live recovery set and is generated in this expansion.,controlled-regional-batch
https://seo.bdmnl.nl/website-laten-maken-zierikzee/,/website-laten-maken-zierikzee/,Zierikzee,Zeeland,Website laten maken,Website laten maken,missing-before-expansion,missing,Priority service/city URL was not in the previous live recovery set and is generated in this expansion.,controlled-regional-batch
https://seo.bdmnl.nl/webshop-laten-maken-zierikzee/,/webshop-laten-maken-zierikzee/,Zierikzee,Zeeland,Webshop laten maken,Webshop laten maken,missing-before-expansion,missing,Priority service/city URL was not in the previous live recovery set and is generated in this expansion.,controlled-regional-batch
https://seo.bdmnl.nl/online-marketing/online-marketing-zierikzee/,/online-marketing/online-marketing-zierikzee/,Zierikzee,Zeeland,Online marketing,Online marketing,missing-before-expansion,missing,Priority service/city URL was not in the previous live recovery set and is generated in this expansion.,controlled-regional-batch
https://seo.bdmnl.nl/social-media-beheer-zierikzee/,/social-media-beheer-zierikzee/,Zierikzee,Zeeland,Social media,Social media beheer,missing-before-expansion,missing,Priority service/city URL was not in the previous live recovery set and is generated in this expansion.,controlled-regional-batch
https://seo.bdmnl.nl/hosting-zierikzee/,/hosting-zierikzee/,Zierikzee,Zeeland,Hosting,Hosting,missing-before-expansion,missing,Priority service/city URL was not in the previous live recovery set and is generated in this expansion.,controlled-regional-batch
https://seo.bdmnl.nl/branding-design-zierikzee/,/branding-design-zierikzee/,Zierikzee,Zeeland,Branding en design,Branding en design,missing-before-expansion,missing,Priority service/city URL was not in the previous live recovery set and is generated in this expansion.,controlled-regional-batch
https://seo.bdmnl.nl/webshop-laten-maken-breda/,/webshop-laten-maken-breda/,Breda,Noord-Brabant,Webshop laten maken,Webshop laten maken,missing-before-expansion,missing,Priority service/city URL was not in the previous live recovery set and is generated in this expansion.,controlled-regional-batch
https://seo.bdmnl.nl/hosting-breda/,/hosting-breda/,Breda,Noord-Brabant,Hosting,Hosting,missing-before-expansion,missing,Priority service/city URL was not in the previous live recovery set and is generated in this expansion.,controlled-regional-batch
https://seo.bdmnl.nl/branding-design-breda/,/branding-design-breda/,Breda,Noord-Brabant,Branding en design,Branding en design,missing-before-expansion,missing,Priority service/city URL was not in the previous live recovery set and is generated in this expansion.,controlled-regional-batch
https://seo.bdmnl.nl/webshop-laten-maken-eindhoven/,/webshop-laten-maken-eindhoven/,Eindhoven,Noord-Brabant,Webshop laten maken,Webshop laten maken,missing-before-expansion,missing,Priority service/city URL was not in the previous live recovery set and is generated in this expansion.,controlled-regional-batch
https://seo.bdmnl.nl/hosting-eindhoven/,/hosting-eindhoven/,Eindhoven,Noord-Brabant,Hosting,Hosting,missing-before-expansion,missing,Priority service/city URL was not in the previous live recovery set and is generated in this expansion.,controlled-regional-batch
https://seo.bdmnl.nl/branding-design-eindhoven/,/branding-design-eindhoven/,Eindhoven,Noord-Brabant,Branding en design,Branding en design,missing-before-expansion,missing,Priority service/city URL was not in the previous live recovery set and is generated in this expansion.,controlled-regional-batch
https://seo.bdmnl.nl/webshop-laten-maken-tilburg/,/webshop-laten-maken-tilburg/,Tilburg,Noord-Brabant,Webshop laten maken,Webshop laten maken,missing-before-expansion,missing,Priority service/city URL was not in the previous live recovery set and is generated in this expansion.,controlled-regional-batch
https://seo.bdmnl.nl/hosting-tilburg/,/hosting-tilburg/,Tilburg,Noord-Brabant,Hosting,Hosting,missing-before-expansion,missing,Priority service/city URL was not in the previous live recovery set and is generated in this expansion.,controlled-regional-batch
https://seo.bdmnl.nl/branding-design-tilburg/,/branding-design-tilburg/,Tilburg,Noord-Brabant,Branding en design,Branding en design,missing-before-expansion,missing,Priority service/city URL was not in the previous live recovery set and is generated in this expansion.,controlled-regional-batch
https://seo.bdmnl.nl/website-laten-maken-den-bosch/,/website-laten-maken-den-bosch/,Den Bosch,Noord-Brabant,Website laten maken,Website laten maken,missing-before-expansion,missing,Priority service/city URL was not in the previous live recovery set and is generated in this expansion.,controlled-regional-batch
https://seo.bdmnl.nl/webshop-laten-maken-den-bosch/,/webshop-laten-maken-den-bosch/,Den Bosch,Noord-Brabant,Webshop laten maken,Webshop laten maken,missing-before-expansion,missing,Priority service/city URL was not in the previous live recovery set and is generated in this expansion.,controlled-regional-batch
https://seo.bdmnl.nl/online-marketing/online-marketing-den-bosch/,/online-marketing/online-marketing-den-bosch/,Den Bosch,Noord-Brabant,Online marketing,Online marketing,missing-before-expansion,missing,Priority service/city URL was not in the previous live recovery set and is generated in this expansion.,controlled-regional-batch
https://seo.bdmnl.nl/social-media-beheer-den-bosch/,/social-media-beheer-den-bosch/,Den Bosch,Noord-Brabant,Social media,Social media beheer,missing-before-expansion,missing,Priority service/city URL was not in the previous live recovery set and is generated in this expansion.,controlled-regional-batch
https://seo.bdmnl.nl/hosting-den-bosch/,/hosting-den-bosch/,Den Bosch,Noord-Brabant,Hosting,Hosting,missing-before-expansion,missing,Priority service/city URL was not in the previous live recovery set and is generated in this expansion.,controlled-regional-batch
https://seo.bdmnl.nl/branding-design-den-bosch/,/branding-design-den-bosch/,Den Bosch,Noord-Brabant,Branding en design,Branding en design,missing-before-expansion,missing,Priority service/city URL was not in the previous live recovery set and is generated in this expansion.,controlled-regional-batch
https://seo.bdmnl.nl/webshop-laten-maken-roosendaal/,/webshop-laten-maken-roosendaal/,Roosendaal,Noord-Brabant,Webshop laten maken,Webshop laten maken,missing-before-expansion,missing,Priority service/city URL was not in the previous live recovery set and is generated in this expansion.,controlled-regional-batch
https://seo.bdmnl.nl/hosting-roosendaal/,/hosting-roosendaal/,Roosendaal,Noord-Brabant,Hosting,Hosting,missing-before-expansion,missing,Priority service/city URL was not in the previous live recovery set and is generated in this expansion.,controlled-regional-batch
https://seo.bdmnl.nl/branding-design-roosendaal/,/branding-design-roosendaal/,Roosendaal,Noord-Brabant,Branding en design,Branding en design,missing-before-expansion,missing,Priority service/city URL was not in the previous live recovery set and is generated in this expansion.,controlled-regional-batch
https://seo.bdmnl.nl/website-laten-maken-amsterdam/,/website-laten-maken-amsterdam/,Amsterdam,Noord-Holland,Website laten maken,Website laten maken,missing-before-expansion,missing,Priority service/city URL was not in the previous live recovery set and is generated in this expansion.,controlled-regional-batch
https://seo.bdmnl.nl/webshop-laten-maken-amsterdam/,/webshop-laten-maken-amsterdam/,Amsterdam,Noord-Holland,Webshop laten maken,Webshop laten maken,missing-before-expansion,missing,Priority service/city URL was not in the previous live recovery set and is generated in this expansion.,controlled-regional-batch
https://seo.bdmnl.nl/online-marketing/online-marketing-amsterdam/,/online-marketing/online-marketing-amsterdam/,Amsterdam,Noord-Holland,Online marketing,Online marketing,missing-before-expansion,missing,Priority service/city URL was not in the previous live recovery set and is generated in this expansion.,controlled-regional-batch
https://seo.bdmnl.nl/social-media-beheer-amsterdam/,/social-media-beheer-amsterdam/,Amsterdam,Noord-Holland,Social media,Social media beheer,missing-before-expansion,missing,Priority service/city URL was not in the previous live recovery set and is generated in this expansion.,controlled-regional-batch
https://seo.bdmnl.nl/hosting-amsterdam/,/hosting-amsterdam/,Amsterdam,Noord-Holland,Hosting,Hosting,missing-before-expansion,missing,Priority service/city URL was not in the previous live recovery set and is generated in this expansion.,controlled-regional-batch
https://seo.bdmnl.nl/branding-design-amsterdam/,/branding-design-amsterdam/,Amsterdam,Noord-Holland,Branding en design,Branding en design,missing-before-expansion,missing,Priority service/city URL was not in the previous live recovery set and is generated in this expansion.,controlled-regional-batch
https://seo.bdmnl.nl/website-laten-maken-haarlem/,/website-laten-maken-haarlem/,Haarlem,Noord-Holland,Website laten maken,Website laten maken,missing-before-expansion,missing,Priority service/city URL was not in the previous live recovery set and is generated in this expansion.,controlled-regional-batch
https://seo.bdmnl.nl/webshop-laten-maken-haarlem/,/webshop-laten-maken-haarlem/,Haarlem,Noord-Holland,Webshop laten maken,Webshop laten maken,missing-before-expansion,missing,Priority service/city URL was not in the previous live recovery set and is generated in this expansion.,controlled-regional-batch
https://seo.bdmnl.nl/online-marketing/online-marketing-haarlem/,/online-marketing/online-marketing-haarlem/,Haarlem,Noord-Holland,Online marketing,Online marketing,missing-before-expansion,missing,Priority service/city URL was not in the previous live recovery set and is generated in this expansion.,controlled-regional-batch
https://seo.bdmnl.nl/social-media-beheer-haarlem/,/social-media-beheer-haarlem/,Haarlem,Noord-Holland,Social media,Social media beheer,missing-before-expansion,missing,Priority service/city URL was not in the previous live recovery set and is generated in this expansion.,controlled-regional-batch
https://seo.bdmnl.nl/hosting-haarlem/,/hosting-haarlem/,Haarlem,Noord-Holland,Hosting,Hosting,missing-before-expansion,missing,Priority service/city URL was not in the previous live recovery set and is generated in this expansion.,controlled-regional-batch
https://seo.bdmnl.nl/branding-design-haarlem/,/branding-design-haarlem/,Haarlem,Noord-Holland,Branding en design,Branding en design,missing-before-expansion,missing,Priority service/city URL was not in the previous live recovery set and is generated in this expansion.,controlled-regional-batch
https://seo.bdmnl.nl/website-laten-maken-alkmaar/,/website-laten-maken-alkmaar/,Alkmaar,Noord-Holland,Website laten maken,Website laten maken,missing-before-expansion,missing,Priority service/city URL was not in the previous live recovery set and is generated in this expansion.,controlled-regional-batch
https://seo.bdmnl.nl/webshop-laten-maken-alkmaar/,/webshop-laten-maken-alkmaar/,Alkmaar,Noord-Holland,Webshop laten maken,Webshop laten maken,missing-before-expansion,missing,Priority service/city URL was not in the previous live recovery set and is generated in this expansion.,controlled-regional-batch
https://seo.bdmnl.nl/online-marketing/online-marketing-alkmaar/,/online-marketing/online-marketing-alkmaar/,Alkmaar,Noord-Holland,Online marketing,Online marketing,missing-before-expansion,missing,Priority service/city URL was not in the previous live recovery set and is generated in this expansion.,controlled-regional-batch
https://seo.bdmnl.nl/social-media-beheer-alkmaar/,/social-media-beheer-alkmaar/,Alkmaar,Noord-Holland,Social media,Social media beheer,missing-before-expansion,missing,Priority service/city URL was not in the previous live recovery set and is generated in this expansion.,controlled-regional-batch
https://seo.bdmnl.nl/hosting-alkmaar/,/hosting-alkmaar/,Alkmaar,Noord-Holland,Hosting,Hosting,missing-before-expansion,missing,Priority service/city URL was not in the previous live recovery set and is generated in this expansion.,controlled-regional-batch
https://seo.bdmnl.nl/branding-design-alkmaar/,/branding-design-alkmaar/,Alkmaar,Noord-Holland,Branding en design,Branding en design,missing-before-expansion,missing,Priority service/city URL was not in the previous live recovery set and is generated in this expansion.,controlled-regional-batch
https://seo.bdmnl.nl/website-laten-maken-hilversum/,/website-laten-maken-hilversum/,Hilversum,Noord-Holland,Website laten maken,Website laten maken,missing-before-expansion,missing,Priority service/city URL was not in the previous live recovery set and is generated in this expansion.,controlled-regional-batch
https://seo.bdmnl.nl/webshop-laten-maken-hilversum/,/webshop-laten-maken-hilversum/,Hilversum,Noord-Holland,Webshop laten maken,Webshop laten maken,missing-before-expansion,missing,Priority service/city URL was not in the previous live recovery set and is generated in this expansion.,controlled-regional-batch
https://seo.bdmnl.nl/online-marketing/online-marketing-hilversum/,/online-marketing/online-marketing-hilversum/,Hilversum,Noord-Holland,Online marketing,Online marketing,missing-before-expansion,missing,Priority service/city URL was not in the previous live recovery set and is generated in this expansion.,controlled-regional-batch
https://seo.bdmnl.nl/social-media-beheer-hilversum/,/social-media-beheer-hilversum/,Hilversum,Noord-Holland,Social media,Social media beheer,missing-before-expansion,missing,Priority service/city URL was not in the previous live recovery set and is generated in this expansion.,controlled-regional-batch
https://seo.bdmnl.nl/hosting-hilversum/,/hosting-hilversum/,Hilversum,Noord-Holland,Hosting,Hosting,missing-before-expansion,missing,Priority service/city URL was not in the previous live recovery set and is generated in this expansion.,controlled-regional-batch
https://seo.bdmnl.nl/branding-design-hilversum/,/branding-design-hilversum/,Hilversum,Noord-Holland,Branding en design,Branding en design,missing-before-expansion,missing,Priority service/city URL was not in the previous live recovery set and is generated in this expansion.,controlled-regional-batch
https://seo.bdmnl.nl/website-laten-maken-hoofddorp/,/website-laten-maken-hoofddorp/,Hoofddorp,Noord-Holland,Website laten maken,Website laten maken,missing-before-expansion,missing,Priority service/city URL was not in the previous live recovery set and is generated in this expansion.,controlled-regional-batch
https://seo.bdmnl.nl/webshop-laten-maken-hoofddorp/,/webshop-laten-maken-hoofddorp/,Hoofddorp,Noord-Holland,Webshop laten maken,Webshop laten maken,missing-before-expansion,missing,Priority service/city URL was not in the previous live recovery set and is generated in this expansion.,controlled-regional-batch
https://seo.bdmnl.nl/online-marketing/online-marketing-hoofddorp/,/online-marketing/online-marketing-hoofddorp/,Hoofddorp,Noord-Holland,Online marketing,Online marketing,missing-before-expansion,missing,Priority service/city URL was not in the previous live recovery set and is generated in this expansion.,controlled-regional-batch
https://seo.bdmnl.nl/social-media-beheer-hoofddorp/,/social-media-beheer-hoofddorp/,Hoofddorp,Noord-Holland,Social media,Social media beheer,missing-before-expansion,missing,Priority service/city URL was not in the previous live recovery set and is generated in this expansion.,controlled-regional-batch
https://seo.bdmnl.nl/hosting-hoofddorp/,/hosting-hoofddorp/,Hoofddorp,Noord-Holland,Hosting,Hosting,missing-before-expansion,missing,Priority service/city URL was not in the previous live recovery set and is generated in this expansion.,controlled-regional-batch
https://seo.bdmnl.nl/branding-design-hoofddorp/,/branding-design-hoofddorp/,Hoofddorp,Noord-Holland,Branding en design,Branding en design,missing-before-expansion,missing,Priority service/city URL was not in the previous live recovery set and is generated in this expansion.,controlled-regional-batch
https://seo.bdmnl.nl/over-bdmnl/,/over-bdmnl/,,,core,Over BDMNL,existing-live,weak,Supporting recovery content; useful internally but not a primary local commercial landing page.,historical-content-recovery
https://seo.bdmnl.nl/bulldog-media/,/bulldog-media/,,,core,Bulldog Media,existing-live,weak,Supporting recovery content; useful internally but not a primary local commercial landing page.,historical-content-recovery
https://seo.bdmnl.nl/van-bulldog-media-naar-bdmnl/,/van-bulldog-media-naar-bdmnl/,,,core,Rebrand,existing-live,weak,Supporting recovery content; useful internally but not a primary local commercial landing page.,historical-content-recovery
https://seo.bdmnl.nl/gratis-seo-scan/,/gratis-seo-scan/,,,core,Gratis SEO scan,existing-live,weak,Supporting recovery content; useful internally but not a primary local commercial landing page.,historical-content-recovery
https://seo.bdmnl.nl/kennisbank/webdesign/,/kennisbank/webdesign/,,,knowledge,Kennisbank,existing-live,weak,Supporting recovery content; useful internally but not a primary local commercial landing page.,historical-content-recovery
https://seo.bdmnl.nl/homepage/,/homepage/,,,core,BDMNL,existing-live,weak,Supporting recovery content; useful internally but not a primary local commercial landing page.,historical-content-recovery
https://seo.bdmnl.nl/blog/content-marketing/,/blog/content-marketing/,,,article,Blog,existing-live,strong,Supporting recovery content; useful internally but not a primary local commercial landing page.,historical-content-recovery
https://seo.bdmnl.nl/blog/wordpress-waarom-is-dat-zo-populair/,/blog/wordpress-waarom-is-dat-zo-populair/,,,article,Blog,existing-live,strong,Supporting recovery content; useful internally but not a primary local commercial landing page.,historical-content-recovery
https://seo.bdmnl.nl/blog/professionele-website-hosting-betrouwbaar-en-snel/,/blog/professionele-website-hosting-betrouwbaar-en-snel/,,,article,Blog,existing-live,strong,Supporting recovery content; useful internally but not a primary local commercial landing page.,historical-content-recovery
https://seo.bdmnl.nl/blog/hoe-vaak-moet-je-je-website-updaten/,/blog/hoe-vaak-moet-je-je-website-updaten/,,,article,Blog,existing-live,strong,Supporting recovery content; useful internally but not a primary local commercial landing page.,historical-content-recovery
https://seo.bdmnl.nl/blog/hoe-kun-je-een-eigen-blog-beginnen/,/blog/hoe-kun-je-een-eigen-blog-beginnen/,,,article,Blog,existing-live,strong,Supporting recovery content; useful internally but not a primary local commercial landing page.,historical-content-recovery
https://seo.bdmnl.nl/blog/waarom-bulldog-media-bdmnl-werd/,/blog/waarom-bulldog-media-bdmnl-werd/,,,article,Brand story,existing-live,strong,Supporting recovery content; useful internally but not a primary local commercial landing page.,historical-content-recovery
https://seo.bdmnl.nl/blog/evolutie-bulldog-media-naar-bdmnl/,/blog/evolutie-bulldog-media-naar-bdmnl/,,,article,Evolutie,existing-live,strong,Supporting recovery content; useful internally but not a primary local commercial landing page.,historical-content-recovery
https://seo.bdmnl.nl/blog/hoe-bdmnl-is-gebouwd/,/blog/hoe-bdmnl-is-gebouwd/,,,article,BDMNL,existing-live,strong,Supporting recovery content; useful internally but not a primary local commercial landing page.,historical-content-recovery
https://seo.bdmnl.nl/blog/toekomstvisie-bdmnl/,/blog/toekomstvisie-bdmnl/,,,article,Visie,existing-live,strong,Supporting recovery content; useful internally but not a primary local commercial landing page.,historical-content-recovery
https://seo.bdmnl.nl/contact/,/contact/,,,support,contact,existing-live,weak,"Required support page with basic content, not a commercial SEO landing page.",support-page
https://seo.bdmnl.nl/privacyverklaring/,/privacyverklaring/,,,support,privacyverklaring,existing-live,weak,"Required support page with basic content, not a commercial SEO landing page.",support-page
https://seo.bdmnl.nl/cookiebeleid/,/cookiebeleid/,,,support,cookiebeleid,existing-live,weak,"Required support page with basic content, not a commercial SEO landing page.",support-page
https://seo.bdmnl.nl/algemene-voorwaarden/,/algemene-voorwaarden/,,,support,algemene-voorwaarden,existing-live,weak,"Required support page with basic content, not a commercial SEO landing page.",support-page
