path,canonical,robots,title,meta_description,service,city,body_words,h1_count,h2_count,internal_link_count,schema_types,quality_score,index_recommendation,flags
/,https://seo.bdmnl.nl/,"index,follow","BDMNL | Webdesign, SEO & online marketing bureau","BDMNL helpt bedrijven groeien met Webflow websites, SEO, branding, social media en online marketing die professioneel en duidelijk aanvoelen.",support,,701,1,22,70,WebSite|FAQPage|BreadcrumbList,100,index,ok
/algemene-voorwaarden/,https://seo.bdmnl.nl/algemene-voorwaarden/,"index,follow",Algemene voorwaarden | BDMNL,"Bekijk de algemene uitgangspunten voor samenwerking met BDMNL rond webdesign, SEO en online marketing.",support,,177,1,4,59,WebPage|FAQPage|BreadcrumbList,100,index,ok
/blog/content-marketing/,https://seo.bdmnl.nl/blog/content-marketing/,"index,follow",Content marketing | BDMNL kennisbank,"Lees hoe content marketing helpt om beter vindbaar te worden, vertrouwen op te bouwen en bezoekers richting actie te begeleiden.",blog,,530,1,12,71,Article|FAQPage|BreadcrumbList,82,index-monitor,thin_content
/blog/hoe-kun-je-een-eigen-blog-beginnen/,https://seo.bdmnl.nl/blog/hoe-kun-je-een-eigen-blog-beginnen/,"index,follow",Hoe kun je een eigen blog beginnen? | BDMNL kennisbank,"Leer hoe je een eigen blog begint met een duidelijk doel, goede structuur, SEO en content die past bij je doelgroep.",blog,,512,1,12,71,Article|FAQPage|BreadcrumbList,82,index-monitor,thin_content
/blog/hoe-vaak-moet-je-je-website-updaten/,https://seo.bdmnl.nl/blog/hoe-vaak-moet-je-je-website-updaten/,"index,follow",Hoe vaak moet je je website updaten? | BDMNL kennisbank,"Ontdek wanneer je je website moet updaten voor veiligheid, snelheid, SEO, content en conversie.",blog,,512,1,12,71,Article|FAQPage|BreadcrumbList,82,index-monitor,thin_content
/blog/professionele-website-hosting-betrouwbaar-en-snel/,https://seo.bdmnl.nl/blog/professionele-website-hosting-betrouwbaar-en-snel/,"index,follow",Professionele website hosting: betrouwbaar en snel | BDMNL,"Lees waarom betrouwbare hosting belangrijk is voor snelheid, veiligheid, SEO en een professionele website-ervaring.",hosting,,499,1,12,71,Article|FAQPage|BreadcrumbList,82,index-monitor,thin_content
/blog/wordpress-waarom-is-dat-zo-populair/,https://seo.bdmnl.nl/blog/wordpress-waarom-is-dat-zo-populair/,"index,follow",WordPress: waarom is dat zo populair? | BDMNL kennisbank,"Waarom WordPress populair is, wanneer het past en waarom BDMNL ook vaak kijkt naar Webflow, snelheid en beheerbaarheid.",blog,,514,1,12,71,Article|FAQPage|BreadcrumbList,82,index-monitor,thin_content
/branding-design-alkmaar/,https://seo.bdmnl.nl/branding-design-alkmaar/,"index,follow",Branding en design Alkmaar | Merkidentiteit door BDMNL,"Branding en design in Alkmaar? BDMNL helpt bedrijven met een herkenbare uitstraling, sterke huisstijl en digitaal design dat vertrouwen opbouwt.",branding-design,alkmaar,893,1,10,71,ProfessionalService|FAQPage|BreadcrumbList,100,index,ok
/branding-design-amsterdam/,https://seo.bdmnl.nl/branding-design-amsterdam/,"index,follow",Branding en design Amsterdam | Merkidentiteit door BDMNL,"Branding en design in Amsterdam? BDMNL helpt bedrijven met een herkenbare uitstraling, sterke huisstijl en digitaal design dat vertrouwen opbouwt.",branding-design,amsterdam,901,1,10,73,ProfessionalService|FAQPage|BreadcrumbList,100,index,ok
/branding-design-breda/,https://seo.bdmnl.nl/branding-design-breda/,"index,follow",Branding en design Breda | Merkidentiteit door BDMNL,"Branding en design in Breda? BDMNL helpt bedrijven met een herkenbare uitstraling, sterke huisstijl en digitaal design dat vertrouwen opbouwt.",branding-design,breda,906,1,10,74,ProfessionalService|FAQPage|BreadcrumbList,100,index,ok
/branding-design-delft/,https://seo.bdmnl.nl/branding-design-delft/,"index,follow",Branding en design Delft | Merkidentiteit door BDMNL,"Branding en design in Delft? BDMNL helpt bedrijven met een herkenbare uitstraling, sterke huisstijl en digitaal design dat vertrouwen opbouwt.",branding-design,delft,893,1,10,71,ProfessionalService|FAQPage|BreadcrumbList,100,index,ok
/branding-design-den-bosch/,https://seo.bdmnl.nl/branding-design-den-bosch/,"index,follow",Branding en design Den Bosch | Merkidentiteit door BDMNL,"Branding en design in Den Bosch? BDMNL helpt bedrijven met een herkenbare uitstraling, sterke huisstijl en digitaal design dat vertrouwen opbouwt.",branding-design,den-bosch,913,1,10,71,ProfessionalService|FAQPage|BreadcrumbList,100,index,ok
/branding-design-den-haag/,https://seo.bdmnl.nl/branding-design-den-haag/,"index,follow",Branding en design Den Haag | Merkidentiteit door BDMNL,"Branding en design in Den Haag? BDMNL helpt bedrijven met een herkenbare uitstraling, sterke huisstijl en digitaal design dat vertrouwen opbouwt.",branding-design,den-haag,925,1,10,74,ProfessionalService|FAQPage|BreadcrumbList,100,index,ok
/branding-design-dordrecht/,https://seo.bdmnl.nl/branding-design-dordrecht/,"index,follow",Branding en design Dordrecht | Merkidentiteit door BDMNL,"Branding en design in Dordrecht? BDMNL helpt bedrijven met een herkenbare uitstraling, sterke huisstijl en digitaal design dat vertrouwen opbouwt.",branding-design,dordrecht,899,1,10,74,ProfessionalService|FAQPage|BreadcrumbList,100,index,ok
/branding-design-eindhoven/,https://seo.bdmnl.nl/branding-design-eindhoven/,"index,follow",Branding en design Eindhoven | Merkidentiteit door BDMNL,"Branding en design in Eindhoven? BDMNL helpt bedrijven met een herkenbare uitstraling, sterke huisstijl en digitaal design dat vertrouwen opbouwt.",branding-design,eindhoven,906,1,10,74,ProfessionalService|FAQPage|BreadcrumbList,100,index,ok
/branding-design-goes/,https://seo.bdmnl.nl/branding-design-goes/,"index,follow",Branding en design Goes | Merkidentiteit door BDMNL,"Branding en design in Goes? BDMNL helpt bedrijven met een herkenbare uitstraling, sterke huisstijl en digitaal design dat vertrouwen opbouwt.",branding-design,goes,902,1,10,74,ProfessionalService|FAQPage|BreadcrumbList,100,index,ok
/branding-design-haarlem/,https://seo.bdmnl.nl/branding-design-haarlem/,"index,follow",Branding en design Haarlem | Merkidentiteit door BDMNL,"Branding en design in Haarlem? BDMNL helpt bedrijven met een herkenbare uitstraling, sterke huisstijl en digitaal design dat vertrouwen opbouwt.",branding-design,haarlem,890,1,10,71,ProfessionalService|FAQPage|BreadcrumbList,100,index,ok
/branding-design-hilversum/,https://seo.bdmnl.nl/branding-design-hilversum/,"index,follow",Branding en design Hilversum | Merkidentiteit door BDMNL,"Branding en design in Hilversum? BDMNL helpt bedrijven met een herkenbare uitstraling, sterke huisstijl en digitaal design dat vertrouwen opbouwt.",branding-design,hilversum,893,1,10,71,ProfessionalService|FAQPage|BreadcrumbList,100,index,ok
/branding-design-hoofddorp/,https://seo.bdmnl.nl/branding-design-hoofddorp/,"index,follow",Branding en design Hoofddorp | Merkidentiteit door BDMNL,"Branding en design in Hoofddorp? BDMNL helpt bedrijven met een herkenbare uitstraling, sterke huisstijl en digitaal design dat vertrouwen opbouwt.",branding-design,hoofddorp,890,1,10,71,ProfessionalService|FAQPage|BreadcrumbList,100,index,ok
/branding-design-leiden/,https://seo.bdmnl.nl/branding-design-leiden/,"index,follow",Branding en design Leiden | Merkidentiteit door BDMNL,"Branding en design in Leiden? BDMNL helpt bedrijven met een herkenbare uitstraling, sterke huisstijl en digitaal design dat vertrouwen opbouwt.",branding-design,leiden,896,1,10,71,ProfessionalService|FAQPage|BreadcrumbList,100,index,ok
/branding-design-middelburg/,https://seo.bdmnl.nl/branding-design-middelburg/,"index,follow",Branding en design Middelburg | Merkidentiteit door BDMNL,"Branding en design in Middelburg? BDMNL helpt bedrijven met een herkenbare uitstraling, sterke huisstijl en digitaal design dat vertrouwen opbouwt.",branding-design,middelburg,903,1,10,74,ProfessionalService|FAQPage|BreadcrumbList,100,index,ok
/branding-design-roosendaal/,https://seo.bdmnl.nl/branding-design-roosendaal/,"index,follow",Branding en design Roosendaal | Merkidentiteit door BDMNL,"Branding en design in Roosendaal? BDMNL helpt bedrijven met een herkenbare uitstraling, sterke huisstijl en digitaal design dat vertrouwen opbouwt.",branding-design,roosendaal,903,1,10,74,ProfessionalService|FAQPage|BreadcrumbList,100,index,ok
/branding-design-rotterdam/,https://seo.bdmnl.nl/branding-design-rotterdam/,"index,follow",Branding en design Rotterdam | Merkidentiteit door BDMNL,"Branding en design in Rotterdam? BDMNL helpt bedrijven met een herkenbare uitstraling, sterke huisstijl en digitaal design dat vertrouwen opbouwt.",branding-design,rotterdam,907,1,10,73,ProfessionalService|FAQPage|BreadcrumbList,100,index,ok
/branding-design-terneuzen/,https://seo.bdmnl.nl/branding-design-terneuzen/,"index,follow",Branding en design Terneuzen | Merkidentiteit door BDMNL,"Branding en design in Terneuzen? BDMNL helpt bedrijven met een herkenbare uitstraling, sterke huisstijl en digitaal design dat vertrouwen opbouwt.",branding-design,terneuzen,888,1,10,71,ProfessionalService|FAQPage|BreadcrumbList,100,index,ok
/branding-design-tilburg/,https://seo.bdmnl.nl/branding-design-tilburg/,"index,follow",Branding en design Tilburg | Merkidentiteit door BDMNL,"Branding en design in Tilburg? BDMNL helpt bedrijven met een herkenbare uitstraling, sterke huisstijl en digitaal design dat vertrouwen opbouwt.",branding-design,tilburg,903,1,10,74,ProfessionalService|FAQPage|BreadcrumbList,100,index,ok
/branding-design-vlissingen/,https://seo.bdmnl.nl/branding-design-vlissingen/,"index,follow",Branding en design Vlissingen | Merkidentiteit door BDMNL,"Branding en design in Vlissingen? BDMNL helpt bedrijven met een herkenbare uitstraling, sterke huisstijl en digitaal design dat vertrouwen opbouwt.",branding-design,vlissingen,888,1,10,71,ProfessionalService|FAQPage|BreadcrumbList,100,index,ok
/branding-design-zierikzee/,https://seo.bdmnl.nl/branding-design-zierikzee/,"index,follow",Branding en design Zierikzee | Merkidentiteit door BDMNL,"Branding en design in Zierikzee? BDMNL helpt bedrijven met een herkenbare uitstraling, sterke huisstijl en digitaal design dat vertrouwen opbouwt.",branding-design,zierikzee,891,1,10,71,ProfessionalService|FAQPage|BreadcrumbList,100,index,ok
/contact/,https://seo.bdmnl.nl/contact/,"index,follow","Contact opnemen met BDMNL | Webdesign, SEO & online marketing","Neem contact op met BDMNL in Brielle voor Webflow websites, SEO, branding, social media en online marketing.",support,,200,1,7,56,WebPage|FAQPage|BreadcrumbList,100,index,ok
/cookiebeleid/,https://seo.bdmnl.nl/cookiebeleid/,"index,follow",Cookiebeleid | BDMNL,"Lees hoe BDMNL cookies gebruikt voor een goed werkende website, analyse en verbetering van online ervaring.",support,,171,1,4,59,WebPage|FAQPage|BreadcrumbList,100,index,ok
/gratis-seo-scan/,https://seo.bdmnl.nl/gratis-seo-scan/,"index,follow",Gratis SEO scan | Laat je website controleren door BDMNL,"Vraag een gratis SEO scan aan bij BDMNL en ontdek waar je website kansen laat liggen op techniek, snelheid, content en vindbaarheid.",support,,496,1,12,68,WebPage|FAQPage|BreadcrumbList,100,index,ok
/homepage/,https://seo.bdmnl.nl/homepage/,"index,follow","BDMNL homepage | Webdesign, SEO en online marketing","BDMNL bouwt websites, branding, SEO en online marketing voor bedrijven die online sterker willen groeien.",support,,494,1,12,71,WebPage|FAQPage|BreadcrumbList,100,index,ok
/hosting-alkmaar/,https://seo.bdmnl.nl/hosting-alkmaar/,"index,follow",Hosting Alkmaar | Snelle en betrouwbare websitebasis door BDMNL,"Hosting in Alkmaar? BDMNL helpt bedrijven met snelle hosting, onderhoud, veiligheid en een stabiele technische basis voor websites en webshops.",hosting,alkmaar,845,1,10,71,ProfessionalService|FAQPage|BreadcrumbList,100,index,ok
/hosting-amsterdam/,https://seo.bdmnl.nl/hosting-amsterdam/,"index,follow",Hosting Amsterdam | Snelle en betrouwbare websitebasis door BDMNL,"Hosting in Amsterdam? BDMNL helpt bedrijven met snelle hosting, onderhoud, veiligheid en een stabiele technische basis voor websites en webshops.",hosting,amsterdam,853,1,10,73,ProfessionalService|FAQPage|BreadcrumbList,100,index,ok
/hosting-breda/,https://seo.bdmnl.nl/hosting-breda/,"index,follow",Hosting Breda | Snelle en betrouwbare websitebasis door BDMNL,"Hosting in Breda? BDMNL helpt bedrijven met snelle hosting, onderhoud, veiligheid en een stabiele technische basis voor websites en webshops.",hosting,breda,862,1,10,74,ProfessionalService|FAQPage|BreadcrumbList,100,index,ok
/hosting-delft/,https://seo.bdmnl.nl/hosting-delft/,"index,follow",Hosting Delft | Snelle en betrouwbare websitebasis door BDMNL,"Hosting in Delft? BDMNL helpt bedrijven met snelle hosting, onderhoud, veiligheid en een stabiele technische basis voor websites en webshops.",hosting,delft,845,1,10,71,ProfessionalService|FAQPage|BreadcrumbList,100,index,ok
/hosting-den-bosch/,https://seo.bdmnl.nl/hosting-den-bosch/,"index,follow",Hosting Den Bosch | Snelle en betrouwbare websitebasis door BDMNL,"Hosting in Den Bosch? BDMNL helpt bedrijven met snelle hosting, onderhoud, veiligheid en een stabiele technische basis voor websites en webshops.",hosting,den-bosch,865,1,10,71,ProfessionalService|FAQPage|BreadcrumbList,100,index,ok
/hosting-den-haag/,https://seo.bdmnl.nl/hosting-den-haag/,"index,follow",Hosting Den Haag | Snelle en betrouwbare websitebasis door BDMNL,"Hosting in Den Haag? BDMNL helpt bedrijven met snelle hosting, onderhoud, veiligheid en een stabiele technische basis voor websites en webshops.",hosting,den-haag,881,1,10,74,ProfessionalService|FAQPage|BreadcrumbList,100,index,ok
/hosting-dordrecht/,https://seo.bdmnl.nl/hosting-dordrecht/,"index,follow",Hosting Dordrecht | Snelle en betrouwbare websitebasis door BDMNL,"Hosting in Dordrecht? BDMNL helpt bedrijven met snelle hosting, onderhoud, veiligheid en een stabiele technische basis voor websites en webshops.",hosting,dordrecht,859,1,10,74,ProfessionalService|FAQPage|BreadcrumbList,100,index,ok
/hosting-eindhoven/,https://seo.bdmnl.nl/hosting-eindhoven/,"index,follow",Hosting Eindhoven | Snelle en betrouwbare websitebasis door BDMNL,"Hosting in Eindhoven? BDMNL helpt bedrijven met snelle hosting, onderhoud, veiligheid en een stabiele technische basis voor websites en webshops.",hosting,eindhoven,858,1,10,74,ProfessionalService|FAQPage|BreadcrumbList,100,index,ok
/hosting-goes/,https://seo.bdmnl.nl/hosting-goes/,"index,follow",Hosting Goes | Snelle en betrouwbare websitebasis door BDMNL,"Hosting in Goes? BDMNL helpt bedrijven met snelle hosting, onderhoud, veiligheid en een stabiele technische basis voor websites en webshops.",hosting,goes,862,1,10,74,ProfessionalService|FAQPage|BreadcrumbList,100,index,ok
/hosting-haarlem/,https://seo.bdmnl.nl/hosting-haarlem/,"index,follow",Hosting Haarlem | Snelle en betrouwbare websitebasis door BDMNL,"Hosting in Haarlem? BDMNL helpt bedrijven met snelle hosting, onderhoud, veiligheid en een stabiele technische basis voor websites en webshops.",hosting,haarlem,842,1,10,71,ProfessionalService|FAQPage|BreadcrumbList,100,index,ok
/hosting-hilversum/,https://seo.bdmnl.nl/hosting-hilversum/,"index,follow",Hosting Hilversum | Snelle en betrouwbare websitebasis door BDMNL,"Hosting in Hilversum? BDMNL helpt bedrijven met snelle hosting, onderhoud, veiligheid en een stabiele technische basis voor websites en webshops.",hosting,hilversum,845,1,10,71,ProfessionalService|FAQPage|BreadcrumbList,100,index,ok
/hosting-hoofddorp/,https://seo.bdmnl.nl/hosting-hoofddorp/,"index,follow",Hosting Hoofddorp | Snelle en betrouwbare websitebasis door BDMNL,"Hosting in Hoofddorp? BDMNL helpt bedrijven met snelle hosting, onderhoud, veiligheid en een stabiele technische basis voor websites en webshops.",hosting,hoofddorp,842,1,10,71,ProfessionalService|FAQPage|BreadcrumbList,100,index,ok
/hosting-leiden/,https://seo.bdmnl.nl/hosting-leiden/,"index,follow",Hosting Leiden | Snelle en betrouwbare websitebasis door BDMNL,"Hosting in Leiden? BDMNL helpt bedrijven met snelle hosting, onderhoud, veiligheid en een stabiele technische basis voor websites en webshops.",hosting,leiden,848,1,10,71,ProfessionalService|FAQPage|BreadcrumbList,100,index,ok
/hosting-middelburg/,https://seo.bdmnl.nl/hosting-middelburg/,"index,follow",Hosting Middelburg | Snelle en betrouwbare websitebasis door BDMNL,"Hosting in Middelburg? BDMNL helpt bedrijven met snelle hosting, onderhoud, veiligheid en een stabiele technische basis voor websites en webshops.",hosting,middelburg,859,1,10,74,ProfessionalService|FAQPage|BreadcrumbList,100,index,ok
/hosting-roosendaal/,https://seo.bdmnl.nl/hosting-roosendaal/,"index,follow",Hosting Roosendaal | Snelle en betrouwbare websitebasis door BDMNL,"Hosting in Roosendaal? BDMNL helpt bedrijven met snelle hosting, onderhoud, veiligheid en een stabiele technische basis voor websites en webshops.",hosting,roosendaal,855,1,10,74,ProfessionalService|FAQPage|BreadcrumbList,100,index,ok
/hosting-rotterdam/,https://seo.bdmnl.nl/hosting-rotterdam/,"index,follow",Hosting Rotterdam | Snelle en betrouwbare websitebasis door BDMNL,"Hosting in Rotterdam? BDMNL helpt bedrijven met snelle hosting, onderhoud, veiligheid en een stabiele technische basis voor websites en webshops.",hosting,rotterdam,863,1,10,73,ProfessionalService|FAQPage|BreadcrumbList,100,index,ok
/hosting-terneuzen/,https://seo.bdmnl.nl/hosting-terneuzen/,"index,follow",Hosting Terneuzen | Snelle en betrouwbare websitebasis door BDMNL,"Hosting in Terneuzen? BDMNL helpt bedrijven met snelle hosting, onderhoud, veiligheid en een stabiele technische basis voor websites en webshops.",hosting,terneuzen,840,1,10,71,ProfessionalService|FAQPage|BreadcrumbList,100,index,ok
/hosting-tilburg/,https://seo.bdmnl.nl/hosting-tilburg/,"index,follow",Hosting Tilburg | Snelle en betrouwbare websitebasis door BDMNL,"Hosting in Tilburg? BDMNL helpt bedrijven met snelle hosting, onderhoud, veiligheid en een stabiele technische basis voor websites en webshops.",hosting,tilburg,855,1,10,74,ProfessionalService|FAQPage|BreadcrumbList,100,index,ok
/hosting-vlissingen/,https://seo.bdmnl.nl/hosting-vlissingen/,"index,follow",Hosting Vlissingen | Snelle en betrouwbare websitebasis door BDMNL,"Hosting in Vlissingen? BDMNL helpt bedrijven met snelle hosting, onderhoud, veiligheid en een stabiele technische basis voor websites en webshops.",hosting,vlissingen,840,1,10,71,ProfessionalService|FAQPage|BreadcrumbList,100,index,ok
/hosting-zierikzee/,https://seo.bdmnl.nl/hosting-zierikzee/,"index,follow",Hosting Zierikzee | Snelle en betrouwbare websitebasis door BDMNL,"Hosting in Zierikzee? BDMNL helpt bedrijven met snelle hosting, onderhoud, veiligheid en een stabiele technische basis voor websites en webshops.",hosting,zierikzee,843,1,10,71,ProfessionalService|FAQPage|BreadcrumbList,100,index,ok
/kennisbank/webdesign/,https://seo.bdmnl.nl/kennisbank/webdesign/,"index,follow","Webdesign kennisbank | BDMNL over Webflow, snelheid en conversie","Lees BDMNL inzichten over webdesign, Webflow, snelheid, SEO en conversie voor moderne websites.",webdesign,,503,1,12,70,WebPage|FAQPage|BreadcrumbList,82,index-monitor,thin_content
/online-marketing-domburg/,https://seo.bdmnl.nl/online-marketing-domburg/,"index,follow","Online marketing Domburg | Websites, SEO en campagnes door BDMNL","Online marketing in Domburg? BDMNL helpt lokale bedrijven met websites, SEO, content en campagnes die samen zorgen voor online groei.",online-marketing,domburg,834,1,10,67,ProfessionalService|FAQPage|BreadcrumbList,100,index,ok
/online-marketing-melissant/,https://seo.bdmnl.nl/online-marketing-melissant/,"index,follow","Online marketing Melissant | Websites, SEO en campagnes door BDMNL","Online marketing in Melissant? BDMNL helpt lokale bedrijven met websites, SEO, content en campagnes die samen zorgen voor online groei.",online-marketing,melissant,831,1,10,65,ProfessionalService|FAQPage|BreadcrumbList,100,index,ok
/online-marketing-middelburg/,https://seo.bdmnl.nl/online-marketing-middelburg/,"index,follow",Online marketing Middelburg en Walcheren | BDMNL,"Online marketing in Middelburg en Walcheren? BDMNL verbindt websites, SEO en content tot een duidelijke groeistructuur voor Zeeuwse bedrijven.",online-marketing,middelburg,881,1,10,74,ProfessionalService|FAQPage|BreadcrumbList,100,index,monitor_overlap_with:/online-marketing/online-marketing-middelburg/
/online-marketing-ouddorp/,https://seo.bdmnl.nl/online-marketing-ouddorp/,"index,follow","Online marketing Ouddorp | Websites, SEO en campagnes door BDMNL","Online marketing in Ouddorp? BDMNL helpt lokale bedrijven met websites, SEO, content en campagnes die samen zorgen voor online groei.",online-marketing,ouddorp,831,1,10,65,ProfessionalService|FAQPage|BreadcrumbList,100,index,ok
/online-marketing/online-marketing-alkmaar/,https://seo.bdmnl.nl/online-marketing/online-marketing-alkmaar/,"index,follow","Online marketing Alkmaar | Websites, SEO en campagnes door BDMNL","Online marketing in Alkmaar? BDMNL helpt lokale bedrijven met websites, SEO, content en campagnes die samen zorgen voor online groei.",online-marketing,alkmaar,869,1,10,71,ProfessionalService|FAQPage|BreadcrumbList,100,index,ok
/online-marketing/online-marketing-amsterdam/,https://seo.bdmnl.nl/online-marketing/online-marketing-amsterdam/,"index,follow","Online marketing Amsterdam | Websites, SEO en campagnes door BDMNL","Online marketing in Amsterdam? BDMNL helpt lokale bedrijven met websites, SEO, content en campagnes die samen zorgen voor online groei.",online-marketing,amsterdam,877,1,10,73,ProfessionalService|FAQPage|BreadcrumbList,100,index,ok
/online-marketing/online-marketing-bergen-op-zoom/,https://seo.bdmnl.nl/online-marketing/online-marketing-bergen-op-zoom/,"index,follow","Online marketing Bergen op Zoom | Websites, SEO en campagnes door BDMNL","Online marketing in Bergen op Zoom? BDMNL helpt lokale bedrijven met websites, SEO, content en campagnes die samen zorgen voor online groei.",online-marketing,bergen-op-zoom,905,1,10,71,ProfessionalService|FAQPage|BreadcrumbList,100,index,ok
/online-marketing/online-marketing-breda/,https://seo.bdmnl.nl/online-marketing/online-marketing-breda/,"index,follow","Online marketing Breda | Websites, SEO en campagnes door BDMNL","Online marketing in Breda? BDMNL helpt lokale bedrijven met websites, SEO, content en campagnes die samen zorgen voor online groei.",online-marketing,breda,884,1,10,74,ProfessionalService|FAQPage|BreadcrumbList,100,index,ok
/online-marketing/online-marketing-brielle/,https://seo.bdmnl.nl/online-marketing/online-marketing-brielle/,"index,follow","Online marketing Brielle | Websites, SEO en campagnes door BDMNL","Online marketing in Brielle? BDMNL helpt lokale bedrijven met websites, SEO, content en campagnes die samen zorgen voor online groei.",online-marketing,brielle,876,1,10,73,ProfessionalService|FAQPage|BreadcrumbList,100,index,ok
/online-marketing/online-marketing-delft/,https://seo.bdmnl.nl/online-marketing/online-marketing-delft/,"index,follow","Online marketing Delft | Websites, SEO en campagnes door BDMNL","Online marketing in Delft? BDMNL helpt lokale bedrijven met websites, SEO, content en campagnes die samen zorgen voor online groei.",online-marketing,delft,869,1,10,71,ProfessionalService|FAQPage|BreadcrumbList,100,index,ok
/online-marketing/online-marketing-den-bosch/,https://seo.bdmnl.nl/online-marketing/online-marketing-den-bosch/,"index,follow","Online marketing Den Bosch | Websites, SEO en campagnes door BDMNL","Online marketing in Den Bosch? BDMNL helpt lokale bedrijven met websites, SEO, content en campagnes die samen zorgen voor online groei.",online-marketing,den-bosch,889,1,10,71,ProfessionalService|FAQPage|BreadcrumbList,100,index,ok
/online-marketing/online-marketing-den-haag/,https://seo.bdmnl.nl/online-marketing/online-marketing-den-haag/,"index,follow","Online marketing Den Haag | Websites, SEO en campagnes door BDMNL","Online marketing in Den Haag? BDMNL helpt lokale bedrijven met websites, SEO, content en campagnes die samen zorgen voor online groei.",online-marketing,den-haag,904,1,10,74,ProfessionalService|FAQPage|BreadcrumbList,100,index,ok
/online-marketing/online-marketing-dordrecht/,https://seo.bdmnl.nl/online-marketing/online-marketing-dordrecht/,"index,follow","Online marketing Dordrecht | Websites, SEO en campagnes door BDMNL","Online marketing in Dordrecht? BDMNL helpt lokale bedrijven met websites, SEO, content en campagnes die samen zorgen voor online groei.",online-marketing,dordrecht,879,1,10,74,ProfessionalService|FAQPage|BreadcrumbList,100,index,ok
/online-marketing/online-marketing-eindhoven/,https://seo.bdmnl.nl/online-marketing/online-marketing-eindhoven/,"index,follow","Online marketing Eindhoven | Websites, SEO en campagnes door BDMNL","Online marketing in Eindhoven? BDMNL helpt lokale bedrijven met websites, SEO, content en campagnes die samen zorgen voor online groei.",online-marketing,eindhoven,882,1,10,74,ProfessionalService|FAQPage|BreadcrumbList,100,index,ok
/online-marketing/online-marketing-goes/,https://seo.bdmnl.nl/online-marketing/online-marketing-goes/,"index,follow","Online marketing Goes | Websites, SEO en campagnes door BDMNL","Online marketing in Goes? BDMNL helpt lokale bedrijven met websites, SEO, content en campagnes die samen zorgen voor online groei.",online-marketing,goes,882,1,10,73,ProfessionalService|FAQPage|BreadcrumbList,100,index,ok
/online-marketing/online-marketing-haarlem/,https://seo.bdmnl.nl/online-marketing/online-marketing-haarlem/,"index,follow","Online marketing Haarlem | Websites, SEO en campagnes door BDMNL","Online marketing in Haarlem? BDMNL helpt lokale bedrijven met websites, SEO, content en campagnes die samen zorgen voor online groei.",online-marketing,haarlem,866,1,10,71,ProfessionalService|FAQPage|BreadcrumbList,100,index,ok
/online-marketing/online-marketing-hellevoetsluis/,https://seo.bdmnl.nl/online-marketing/online-marketing-hellevoetsluis/,"index,follow","Online marketing Hellevoetsluis | Websites, SEO en campagnes door BDMNL","Online marketing in Hellevoetsluis? BDMNL helpt lokale bedrijven met websites, SEO, content en campagnes die samen zorgen voor online groei.",online-marketing,hellevoetsluis,869,1,10,71,ProfessionalService|FAQPage|BreadcrumbList,100,index,ok
/online-marketing/online-marketing-hilversum/,https://seo.bdmnl.nl/online-marketing/online-marketing-hilversum/,"index,follow","Online marketing Hilversum | Websites, SEO en campagnes door BDMNL","Online marketing in Hilversum? BDMNL helpt lokale bedrijven met websites, SEO, content en campagnes die samen zorgen voor online groei.",online-marketing,hilversum,869,1,10,71,ProfessionalService|FAQPage|BreadcrumbList,100,index,ok
/online-marketing/online-marketing-hoofddorp/,https://seo.bdmnl.nl/online-marketing/online-marketing-hoofddorp/,"index,follow","Online marketing Hoofddorp | Websites, SEO en campagnes door BDMNL","Online marketing in Hoofddorp? BDMNL helpt lokale bedrijven met websites, SEO, content en campagnes die samen zorgen voor online groei.",online-marketing,hoofddorp,866,1,10,71,ProfessionalService|FAQPage|BreadcrumbList,100,index,ok
/online-marketing/online-marketing-leiden/,https://seo.bdmnl.nl/online-marketing/online-marketing-leiden/,"index,follow","Online marketing Leiden | Websites, SEO en campagnes door BDMNL","Online marketing in Leiden? BDMNL helpt lokale bedrijven met websites, SEO, content en campagnes die samen zorgen voor online groei.",online-marketing,leiden,872,1,10,71,ProfessionalService|FAQPage|BreadcrumbList,100,index,ok
/online-marketing/online-marketing-middelburg/,https://seo.bdmnl.nl/online-marketing/online-marketing-middelburg/,"index,follow","Online marketing Middelburg | Websites, SEO en campagnes door BDMNL","Online marketing in Middelburg? BDMNL helpt lokale bedrijven met websites, SEO, content en campagnes die samen zorgen voor online groei.",online-marketing,middelburg,881,1,10,74,ProfessionalService|FAQPage|BreadcrumbList,100,index,ok
/online-marketing/online-marketing-rockanje/,https://seo.bdmnl.nl/online-marketing/online-marketing-rockanje/,"index,follow","Online marketing Rockanje | Websites, SEO en campagnes door BDMNL","Online marketing in Rockanje? BDMNL helpt lokale bedrijven met websites, SEO, content en campagnes die samen zorgen voor online groei.",online-marketing,rockanje,865,1,10,71,ProfessionalService|FAQPage|BreadcrumbList,100,index,ok
/online-marketing/online-marketing-roosendaal/,https://seo.bdmnl.nl/online-marketing/online-marketing-roosendaal/,"index,follow","Online marketing Roosendaal | Websites, SEO en campagnes door BDMNL","Online marketing in Roosendaal? BDMNL helpt lokale bedrijven met websites, SEO, content en campagnes die samen zorgen voor online groei.",online-marketing,roosendaal,879,1,10,74,ProfessionalService|FAQPage|BreadcrumbList,100,index,ok
/online-marketing/online-marketing-rotterdam/,https://seo.bdmnl.nl/online-marketing/online-marketing-rotterdam/,"index,follow","Online marketing Rotterdam | Websites, SEO en campagnes door BDMNL","Online marketing in Rotterdam? BDMNL helpt lokale bedrijven met websites, SEO, content en campagnes die samen zorgen voor online groei.",online-marketing,rotterdam,887,1,10,74,ProfessionalService|FAQPage|BreadcrumbList,100,index,ok
/online-marketing/online-marketing-spijkenisse/,https://seo.bdmnl.nl/online-marketing/online-marketing-spijkenisse/,"index,follow","Online marketing Spijkenisse | Websites, SEO en campagnes door BDMNL","Online marketing in Spijkenisse? BDMNL helpt lokale bedrijven met websites, SEO, content en campagnes die samen zorgen voor online groei.",online-marketing,spijkenisse,865,1,10,71,ProfessionalService|FAQPage|BreadcrumbList,100,index,ok
/online-marketing/online-marketing-terneuzen/,https://seo.bdmnl.nl/online-marketing/online-marketing-terneuzen/,"index,follow","Online marketing Terneuzen | Websites, SEO en campagnes door BDMNL","Online marketing in Terneuzen? BDMNL helpt lokale bedrijven met websites, SEO, content en campagnes die samen zorgen voor online groei.",online-marketing,terneuzen,864,1,10,71,ProfessionalService|FAQPage|BreadcrumbList,100,index,ok
/online-marketing/online-marketing-tilburg/,https://seo.bdmnl.nl/online-marketing/online-marketing-tilburg/,"index,follow","Online marketing Tilburg | Websites, SEO en campagnes door BDMNL","Online marketing in Tilburg? BDMNL helpt lokale bedrijven met websites, SEO, content en campagnes die samen zorgen voor online groei.",online-marketing,tilburg,879,1,10,74,ProfessionalService|FAQPage|BreadcrumbList,100,index,ok
/online-marketing/online-marketing-vlaardingen/,https://seo.bdmnl.nl/online-marketing/online-marketing-vlaardingen/,"index,follow","Online marketing Vlaardingen | Websites, SEO en campagnes door BDMNL","Online marketing in Vlaardingen? BDMNL helpt lokale bedrijven met websites, SEO, content en campagnes die samen zorgen voor online groei.",online-marketing,vlaardingen,865,1,10,72,ProfessionalService|FAQPage|BreadcrumbList,100,index,ok
/online-marketing/online-marketing-vlissingen/,https://seo.bdmnl.nl/online-marketing/online-marketing-vlissingen/,"index,follow","Online marketing Vlissingen | Websites, SEO en campagnes door BDMNL","Online marketing in Vlissingen? BDMNL helpt lokale bedrijven met websites, SEO, content en campagnes die samen zorgen voor online groei.",online-marketing,vlissingen,864,1,10,71,ProfessionalService|FAQPage|BreadcrumbList,100,index,ok
/online-marketing/online-marketing-zierikzee/,https://seo.bdmnl.nl/online-marketing/online-marketing-zierikzee/,"index,follow","Online marketing Zierikzee | Websites, SEO en campagnes door BDMNL","Online marketing in Zierikzee? BDMNL helpt lokale bedrijven met websites, SEO, content en campagnes die samen zorgen voor online groei.",online-marketing,zierikzee,867,1,10,71,ProfessionalService|FAQPage|BreadcrumbList,100,index,ok
/over-bdmnl/,https://seo.bdmnl.nl/over-bdmnl/,"index,follow","Over BDMNL | Webdesign, SEO en online marketing uit Brielle","Leer BDMNL kennen: een digital agency uit Brielle voor Webflow websites, SEO, branding, social media en online marketing.",support,,534,1,12,71,WebPage|FAQPage|BreadcrumbList,100,index,ok
/privacyverklaring/,https://seo.bdmnl.nl/privacyverklaring/,"index,follow",Privacyverklaring | BDMNL,"Lees hoe BDMNL omgaat met persoonsgegevens, contactaanvragen en gegevens die nodig zijn voor onze dienstverlening.",support,,179,1,4,59,WebPage|FAQPage|BreadcrumbList,100,index,ok
/reclamebureau/reclamebureau-bergen-op-zoom/,https://seo.bdmnl.nl/reclamebureau/reclamebureau-bergen-op-zoom/,"index,follow","Reclamebureau Bergen op Zoom | Webdesign, SEO en online marketing door BDMNL","Reclamebureau in Bergen op Zoom? BDMNL helpt met Webflow websites, branding, SEO, social media en online marketing voor lokale bedrijven.",reclamebureau,bergen-op-zoom,890,1,10,71,ProfessionalService|FAQPage|BreadcrumbList,100,index,ok
/reclamebureau/reclamebureau-breda/,https://seo.bdmnl.nl/reclamebureau/reclamebureau-breda/,"index,follow","Reclamebureau Breda | Webdesign, SEO en online marketing door BDMNL","Reclamebureau in Breda? BDMNL helpt met Webflow websites, branding, SEO, social media en online marketing voor lokale bedrijven.",reclamebureau,breda,871,1,10,74,ProfessionalService|FAQPage|BreadcrumbList,100,index,ok
/reclamebureau/reclamebureau-brielle/,https://seo.bdmnl.nl/reclamebureau/reclamebureau-brielle/,"index,follow","Reclamebureau Brielle | Webdesign, SEO en online marketing door BDMNL","Reclamebureau in Brielle? BDMNL helpt met Webflow websites, branding, SEO, social media en online marketing voor lokale bedrijven.",reclamebureau,brielle,861,1,10,72,ProfessionalService|FAQPage|BreadcrumbList,100,index,ok
/reclamebureau/reclamebureau-den-haag/,https://seo.bdmnl.nl/reclamebureau/reclamebureau-den-haag/,"index,follow","Reclamebureau Den Haag | Webdesign, SEO en online marketing door BDMNL","Reclamebureau in Den Haag? BDMNL helpt met Webflow websites, branding, SEO, social media en online marketing voor lokale bedrijven.",reclamebureau,den-haag,891,1,10,74,ProfessionalService|FAQPage|BreadcrumbList,100,index,ok
/reclamebureau/reclamebureau-dordrecht/,https://seo.bdmnl.nl/reclamebureau/reclamebureau-dordrecht/,"index,follow","Reclamebureau Dordrecht | Webdesign, SEO en online marketing door BDMNL","Reclamebureau in Dordrecht? BDMNL helpt met Webflow websites, branding, SEO, social media en online marketing voor lokale bedrijven.",reclamebureau,dordrecht,868,1,10,74,ProfessionalService|FAQPage|BreadcrumbList,100,index,ok
/reclamebureau/reclamebureau-eindhoven/,https://seo.bdmnl.nl/reclamebureau/reclamebureau-eindhoven/,"index,follow","Reclamebureau Eindhoven | Webdesign, SEO en online marketing door BDMNL","Reclamebureau in Eindhoven? BDMNL helpt met Webflow websites, branding, SEO, social media en online marketing voor lokale bedrijven.",reclamebureau,eindhoven,867,1,10,74,ProfessionalService|FAQPage|BreadcrumbList,100,index,ok
/reclamebureau/reclamebureau-goes/,https://seo.bdmnl.nl/reclamebureau/reclamebureau-goes/,"index,follow","Reclamebureau Goes | Webdesign, SEO en online marketing door BDMNL","Reclamebureau in Goes? BDMNL helpt met Webflow websites, branding, SEO, social media en online marketing voor lokale bedrijven.",reclamebureau,goes,871,1,10,74,ProfessionalService|FAQPage|BreadcrumbList,100,index,ok
/reclamebureau/reclamebureau-hellevoetsluis/,https://seo.bdmnl.nl/reclamebureau/reclamebureau-hellevoetsluis/,"index,follow","Reclamebureau Hellevoetsluis | Webdesign, SEO en online marketing door BDMNL","Reclamebureau in Hellevoetsluis? BDMNL helpt met Webflow websites, branding, SEO, social media en online marketing voor lokale bedrijven.",reclamebureau,hellevoetsluis,854,1,10,71,ProfessionalService|FAQPage|BreadcrumbList,100,index,ok
/reclamebureau/reclamebureau-middelburg/,https://seo.bdmnl.nl/reclamebureau/reclamebureau-middelburg/,"index,follow","Reclamebureau Middelburg | Webdesign, SEO en online marketing door BDMNL","Reclamebureau in Middelburg? BDMNL helpt met Webflow websites, branding, SEO, social media en online marketing voor lokale bedrijven.",reclamebureau,middelburg,868,1,10,74,ProfessionalService|FAQPage|BreadcrumbList,100,index,ok
/reclamebureau/reclamebureau-rockanje/,https://seo.bdmnl.nl/reclamebureau/reclamebureau-rockanje/,"index,follow","Reclamebureau Rockanje | Webdesign, SEO en online marketing door BDMNL","Reclamebureau in Rockanje? BDMNL helpt met Webflow websites, branding, SEO, social media en online marketing voor lokale bedrijven.",reclamebureau,rockanje,850,1,10,71,ProfessionalService|FAQPage|BreadcrumbList,100,index,ok
/reclamebureau/reclamebureau-roosendaal/,https://seo.bdmnl.nl/reclamebureau/reclamebureau-roosendaal/,"index,follow","Reclamebureau Roosendaal | Webdesign, SEO en online marketing door BDMNL","Reclamebureau in Roosendaal? BDMNL helpt met Webflow websites, branding, SEO, social media en online marketing voor lokale bedrijven.",reclamebureau,roosendaal,864,1,10,74,ProfessionalService|FAQPage|BreadcrumbList,100,index,ok
/reclamebureau/reclamebureau-rotterdam/,https://seo.bdmnl.nl/reclamebureau/reclamebureau-rotterdam/,"index,follow","Reclamebureau Rotterdam | Webdesign, SEO en online marketing door BDMNL","Reclamebureau in Rotterdam? BDMNL helpt met Webflow websites, branding, SEO, social media en online marketing voor lokale bedrijven.",reclamebureau,rotterdam,876,1,10,74,ProfessionalService|FAQPage|BreadcrumbList,100,index,ok
/reclamebureau/reclamebureau-spijkenisse/,https://seo.bdmnl.nl/reclamebureau/reclamebureau-spijkenisse/,"index,follow","Reclamebureau Spijkenisse | Webdesign, SEO en online marketing door BDMNL","Reclamebureau in Spijkenisse? BDMNL helpt met Webflow websites, branding, SEO, social media en online marketing voor lokale bedrijven.",reclamebureau,spijkenisse,850,1,10,71,ProfessionalService|FAQPage|BreadcrumbList,100,index,ok
/reclamebureau/reclamebureau-tilburg/,https://seo.bdmnl.nl/reclamebureau/reclamebureau-tilburg/,"index,follow","Reclamebureau Tilburg | Webdesign, SEO en online marketing door BDMNL","Reclamebureau in Tilburg? BDMNL helpt met Webflow websites, branding, SEO, social media en online marketing voor lokale bedrijven.",reclamebureau,tilburg,864,1,10,74,ProfessionalService|FAQPage|BreadcrumbList,100,index,ok
/reclamebureau/reclamebureau-vlaardingen/,https://seo.bdmnl.nl/reclamebureau/reclamebureau-vlaardingen/,"index,follow","Reclamebureau Vlaardingen | Webdesign, SEO en online marketing door BDMNL","Reclamebureau in Vlaardingen? BDMNL helpt met Webflow websites, branding, SEO, social media en online marketing voor lokale bedrijven.",reclamebureau,vlaardingen,850,1,10,72,ProfessionalService|FAQPage|BreadcrumbList,100,index,ok
/seo-bureau-bergen-op-zoom/,https://seo.bdmnl.nl/seo-bureau-bergen-op-zoom/,"index,follow",SEO bureau Bergen op Zoom | Lokale SEO strategie door BDMNL,"SEO bureau in Bergen op Zoom? BDMNL verbetert lokale vindbaarheid met technische SEO, sterke content, interne links en pagina's die aanvragen opleveren.",seo-bureau,bergen-op-zoom,902,1,10,71,ProfessionalService|FAQPage|BreadcrumbList,100,index,ok
/seo-bureau-breda/,https://seo.bdmnl.nl/seo-bureau-breda/,"index,follow",SEO bureau Breda | Lokale SEO strategie door BDMNL,"SEO bureau in Breda? BDMNL verbetert lokale vindbaarheid met technische SEO, sterke content, interne links en pagina's die aanvragen opleveren.",seo-bureau,breda,883,1,10,74,ProfessionalService|FAQPage|BreadcrumbList,100,index,ok
/seo-bureau-brielle/,https://seo.bdmnl.nl/seo-bureau-brielle/,"index,follow",SEO bureau Brielle | Lokale SEO strategie door BDMNL,"SEO bureau in Brielle? BDMNL verbetert lokale vindbaarheid met technische SEO, sterke content, interne links en pagina's die aanvragen opleveren.",seo-bureau,brielle,873,1,10,73,ProfessionalService|FAQPage|BreadcrumbList,100,index,ok
/seo-bureau-den-haag/,https://seo.bdmnl.nl/seo-bureau-den-haag/,"index,follow",SEO bureau Den Haag | Lokale SEO strategie door BDMNL,"SEO bureau in Den Haag? BDMNL verbetert lokale vindbaarheid met technische SEO, sterke content, interne links en pagina's die aanvragen opleveren.",seo-bureau,den-haag,903,1,10,74,ProfessionalService|FAQPage|BreadcrumbList,100,index,ok
/seo-bureau-dirksland/,https://seo.bdmnl.nl/seo-bureau-dirksland/,"index,follow",SEO bureau Dirksland | Lokale SEO strategie door BDMNL,"SEO bureau in Dirksland? BDMNL verbetert lokale vindbaarheid met technische SEO, sterke content, interne links en pagina's die aanvragen opleveren.",seo-bureau,dirksland,827,1,10,65,ProfessionalService|FAQPage|BreadcrumbList,100,index,ok
/seo-bureau-domburg/,https://seo.bdmnl.nl/seo-bureau-domburg/,"index,follow",SEO bureau Domburg | Lokale SEO strategie door BDMNL,"SEO bureau in Domburg? BDMNL verbetert lokale vindbaarheid met technische SEO, sterke content, interne links en pagina's die aanvragen opleveren.",seo-bureau,domburg,831,1,10,66,ProfessionalService|FAQPage|BreadcrumbList,100,index,ok
/seo-bureau-dordrecht/,https://seo.bdmnl.nl/seo-bureau-dordrecht/,"index,follow",SEO bureau Dordrecht | Lokale SEO strategie door BDMNL,"SEO bureau in Dordrecht? BDMNL verbetert lokale vindbaarheid met technische SEO, sterke content, interne links en pagina's die aanvragen opleveren.",seo-bureau,dordrecht,879,1,10,74,ProfessionalService|FAQPage|BreadcrumbList,100,index,ok
/seo-bureau-eindhoven/,https://seo.bdmnl.nl/seo-bureau-eindhoven/,"index,follow",SEO bureau Eindhoven | Lokale SEO strategie door BDMNL,"SEO bureau in Eindhoven? BDMNL verbetert lokale vindbaarheid met technische SEO, sterke content, interne links en pagina's die aanvragen opleveren.",seo-bureau,eindhoven,879,1,10,74,ProfessionalService|FAQPage|BreadcrumbList,100,index,ok
/seo-bureau-ellemeet/,https://seo.bdmnl.nl/seo-bureau-ellemeet/,"index,follow",SEO bureau Ellemeet | Lokale SEO strategie door BDMNL,"SEO bureau in Ellemeet? BDMNL verbetert lokale vindbaarheid met technische SEO, sterke content, interne links en pagina's die aanvragen opleveren.",seo-bureau,ellemeet,825,1,10,65,ProfessionalService|FAQPage|BreadcrumbList,100,index,ok
/seo-bureau-goeree-overflakkee/,https://seo.bdmnl.nl/seo-bureau-goeree-overflakkee/,"index,follow",SEO bureau Goeree-Overflakkee | Lokale SEO strategie door BDMNL,"SEO bureau in Goeree-Overflakkee? BDMNL verbetert lokale vindbaarheid met technische SEO, sterke content, interne links en pagina's die aanvragen opleveren.",seo-bureau,goeree-overflakkee,845,1,10,65,ProfessionalService|FAQPage|BreadcrumbList,100,index,ok
/seo-bureau-goes/,https://seo.bdmnl.nl/seo-bureau-goes/,"index,follow",SEO bureau Goes | Lokale SEO strategie door BDMNL,"SEO bureau in Goes? BDMNL verbetert lokale vindbaarheid met technische SEO, sterke content, interne links en pagina's die aanvragen opleveren.",seo-bureau,goes,882,1,10,74,ProfessionalService|FAQPage|BreadcrumbList,100,index,ok
/seo-bureau-hellevoetsluis/,https://seo.bdmnl.nl/seo-bureau-hellevoetsluis/,"index,follow",SEO bureau Hellevoetsluis | Lokale SEO strategie door BDMNL,"SEO bureau in Hellevoetsluis? BDMNL verbetert lokale vindbaarheid met technische SEO, sterke content, interne links en pagina's die aanvragen opleveren.",seo-bureau,hellevoetsluis,866,1,10,71,ProfessionalService|FAQPage|BreadcrumbList,100,index,ok
/seo-bureau-middelburg/,https://seo.bdmnl.nl/seo-bureau-middelburg/,"index,follow",SEO bureau Middelburg | Lokale SEO strategie door BDMNL,"SEO bureau in Middelburg? BDMNL verbetert lokale vindbaarheid met technische SEO, sterke content, interne links en pagina's die aanvragen opleveren.",seo-bureau,middelburg,880,1,10,74,ProfessionalService|FAQPage|BreadcrumbList,100,index,ok
/seo-bureau-rockanje/,https://seo.bdmnl.nl/seo-bureau-rockanje/,"index,follow",SEO bureau Rockanje | Lokale SEO strategie door BDMNL,"SEO bureau in Rockanje? BDMNL verbetert lokale vindbaarheid met technische SEO, sterke content, interne links en pagina's die aanvragen opleveren.",seo-bureau,rockanje,862,1,10,71,ProfessionalService|FAQPage|BreadcrumbList,100,index,ok
/seo-bureau-roosendaal/,https://seo.bdmnl.nl/seo-bureau-roosendaal/,"index,follow",SEO bureau Roosendaal | Lokale SEO strategie door BDMNL,"SEO bureau in Roosendaal? BDMNL verbetert lokale vindbaarheid met technische SEO, sterke content, interne links en pagina's die aanvragen opleveren.",seo-bureau,roosendaal,876,1,10,74,ProfessionalService|FAQPage|BreadcrumbList,100,index,ok
/seo-bureau-rotterdam/,https://seo.bdmnl.nl/seo-bureau-rotterdam/,"index,follow",SEO bureau Rotterdam | Lokale SEO strategie door BDMNL,"SEO bureau in Rotterdam? BDMNL verbetert lokale vindbaarheid met technische SEO, sterke content, interne links en pagina's die aanvragen opleveren.",seo-bureau,rotterdam,886,1,10,74,ProfessionalService|FAQPage|BreadcrumbList,100,index,ok
/seo-bureau-spijkenisse/,https://seo.bdmnl.nl/seo-bureau-spijkenisse/,"index,follow",SEO bureau Spijkenisse | Lokale SEO strategie door BDMNL,"SEO bureau in Spijkenisse? BDMNL verbetert lokale vindbaarheid met technische SEO, sterke content, interne links en pagina's die aanvragen opleveren.",seo-bureau,spijkenisse,862,1,10,71,ProfessionalService|FAQPage|BreadcrumbList,100,index,ok
/seo-bureau-tilburg/,https://seo.bdmnl.nl/seo-bureau-tilburg/,"index,follow",SEO bureau Tilburg | Lokale SEO strategie door BDMNL,"SEO bureau in Tilburg? BDMNL verbetert lokale vindbaarheid met technische SEO, sterke content, interne links en pagina's die aanvragen opleveren.",seo-bureau,tilburg,876,1,10,74,ProfessionalService|FAQPage|BreadcrumbList,100,index,ok
/seo-bureau-vlaardingen/,https://seo.bdmnl.nl/seo-bureau-vlaardingen/,"index,follow",SEO bureau Vlaardingen | Lokale SEO strategie door BDMNL,"SEO bureau in Vlaardingen? BDMNL verbetert lokale vindbaarheid met technische SEO, sterke content, interne links en pagina's die aanvragen opleveren.",seo-bureau,vlaardingen,862,1,10,72,ProfessionalService|FAQPage|BreadcrumbList,100,index,ok
/seo-bureau-zoutelande/,https://seo.bdmnl.nl/seo-bureau-zoutelande/,"index,follow",SEO bureau Zoutelande | Lokale SEO strategie door BDMNL,"SEO bureau in Zoutelande? BDMNL verbetert lokale vindbaarheid met technische SEO, sterke content, interne links en pagina's die aanvragen opleveren.",seo-bureau,zoutelande,825,1,10,65,ProfessionalService|FAQPage|BreadcrumbList,100,index,ok
/seo/seo-amsterdam/,https://seo.bdmnl.nl/seo/seo-amsterdam/,"index,follow",SEO Amsterdam | Lokale SEO strategie door BDMNL,"SEO in Amsterdam? BDMNL verbetert lokale vindbaarheid met technische SEO, sterke content, interne links en pagina's die aanvragen opleveren.",seo,amsterdam,869,1,10,73,ProfessionalService|FAQPage|BreadcrumbList,100,index,ok
/seo/seo-breda/,https://seo.bdmnl.nl/seo/seo-breda/,"index,follow",SEO Breda | Lokale SEO strategie door BDMNL,"SEO in Breda? BDMNL verbetert lokale vindbaarheid met technische SEO, sterke content, interne links en pagina's die aanvragen opleveren.",seo,breda,878,1,10,74,ProfessionalService|FAQPage|BreadcrumbList,100,index,ok
/seo/seo-bureau-rotterdam/,https://seo.bdmnl.nl/seo/seo-bureau-rotterdam/,"index,follow",SEO bureau Rotterdam | Technische SEO en content door BDMNL,"SEO bureau in Rotterdam nodig? BDMNL versterkt technische SEO, contentstructuur en lokale autoriteit voor bedrijven in een competitieve markt.",seo-bureau,rotterdam,886,1,10,74,ProfessionalService|FAQPage|BreadcrumbList,100,index,monitor_overlap_with:/seo-bureau-rotterdam/
/seo/seo-den-haag/,https://seo.bdmnl.nl/seo/seo-den-haag/,"index,follow",SEO Den Haag | Lokale SEO strategie door BDMNL,"SEO in Den Haag? BDMNL verbetert lokale vindbaarheid met technische SEO, sterke content, interne links en pagina's die aanvragen opleveren.",seo,den-haag,898,1,10,74,ProfessionalService|FAQPage|BreadcrumbList,100,index,ok
/seo/seo-dordrecht/,https://seo.bdmnl.nl/seo/seo-dordrecht/,"index,follow",SEO Dordrecht | Lokale SEO strategie door BDMNL,"SEO in Dordrecht? BDMNL verbetert lokale vindbaarheid met technische SEO, sterke content, interne links en pagina's die aanvragen opleveren.",seo,dordrecht,874,1,10,74,ProfessionalService|FAQPage|BreadcrumbList,100,index,ok
/seo/seo-goes/,https://seo.bdmnl.nl/seo/seo-goes/,"index,follow",SEO Goes | Lokale SEO strategie door BDMNL,"SEO in Goes? BDMNL verbetert lokale vindbaarheid met technische SEO, sterke content, interne links en pagina's die aanvragen opleveren.",seo,goes,877,1,10,74,ProfessionalService|FAQPage|BreadcrumbList,100,index,ok
/seo/seo-rotterdam/,https://seo.bdmnl.nl/seo/seo-rotterdam/,"index,follow",SEO Rotterdam | Lokale SEO strategie door BDMNL,"SEO in Rotterdam? BDMNL verbetert lokale vindbaarheid met technische SEO, sterke content, interne links en pagina's die aanvragen opleveren.",seo,rotterdam,881,1,10,73,ProfessionalService|FAQPage|BreadcrumbList,100,index,ok
/seo/zoekmachine-optimalisatie-rotterdam/,https://seo.bdmnl.nl/seo/zoekmachine-optimalisatie-rotterdam/,"index,follow",Zoekmachine optimalisatie Rotterdam | Lokale SEO strategie door BDMNL,"Zoekmachine optimalisatie in Rotterdam? BDMNL verbetert lokale vindbaarheid met technische SEO, sterke content, interne links en pagina's die aanvragen opleveren.",support,,886,1,10,74,ProfessionalService|FAQPage|BreadcrumbList,100,index,ok
/social-media-beheer-alkmaar/,https://seo.bdmnl.nl/social-media-beheer-alkmaar/,"index,follow",Social media beheer Alkmaar | Content en planning door BDMNL,"Social media beheer in Alkmaar? BDMNL helpt lokale bedrijven met content, planning en campagnes die passen bij hun website, SEO en merkverhaal.",social-media-beheer,alkmaar,878,1,10,71,ProfessionalService|FAQPage|BreadcrumbList,100,index,ok
/social-media-beheer-amsterdam/,https://seo.bdmnl.nl/social-media-beheer-amsterdam/,"index,follow",Social media beheer Amsterdam | Content en planning door BDMNL,"Social media beheer in Amsterdam? BDMNL helpt lokale bedrijven met content, planning en campagnes die passen bij hun website, SEO en merkverhaal.",social-media-beheer,amsterdam,886,1,10,73,ProfessionalService|FAQPage|BreadcrumbList,100,index,ok
/social-media-beheer-bergen-op-zoom/,https://seo.bdmnl.nl/social-media-beheer-bergen-op-zoom/,"index,follow",Social media beheer Bergen op Zoom | Content en planning door BDMNL,"Social media beheer in Bergen op Zoom? BDMNL helpt lokale bedrijven met content, planning en campagnes die passen bij hun website, SEO en merkverhaal.",social-media-beheer,bergen-op-zoom,914,1,10,71,ProfessionalService|FAQPage|BreadcrumbList,100,index,ok
/social-media-beheer-breda/,https://seo.bdmnl.nl/social-media-beheer-breda/,"index,follow",Social media beheer Breda | Content en planning door BDMNL,"Social media beheer in Breda? BDMNL helpt lokale bedrijven met content, planning en campagnes die passen bij hun website, SEO en merkverhaal.",social-media-beheer,breda,893,1,10,74,ProfessionalService|FAQPage|BreadcrumbList,100,index,ok
/social-media-beheer-brielle/,https://seo.bdmnl.nl/social-media-beheer-brielle/,"index,follow",Social media beheer Brielle | Content en planning door BDMNL,"Social media beheer in Brielle? BDMNL helpt lokale bedrijven met content, planning en campagnes die passen bij hun website, SEO en merkverhaal.",social-media-beheer,brielle,884,1,10,73,ProfessionalService|FAQPage|BreadcrumbList,100,index,ok
/social-media-beheer-delft/,https://seo.bdmnl.nl/social-media-beheer-delft/,"index,follow",Social media beheer Delft | Content en planning door BDMNL,"Social media beheer in Delft? BDMNL helpt lokale bedrijven met content, planning en campagnes die passen bij hun website, SEO en merkverhaal.",social-media-beheer,delft,878,1,10,71,ProfessionalService|FAQPage|BreadcrumbList,100,index,ok
/social-media-beheer-den-bosch/,https://seo.bdmnl.nl/social-media-beheer-den-bosch/,"index,follow",Social media beheer Den Bosch | Content en planning door BDMNL,"Social media beheer in Den Bosch? BDMNL helpt lokale bedrijven met content, planning en campagnes die passen bij hun website, SEO en merkverhaal.",social-media-beheer,den-bosch,898,1,10,71,ProfessionalService|FAQPage|BreadcrumbList,100,index,ok
/social-media-beheer-den-haag/,https://seo.bdmnl.nl/social-media-beheer-den-haag/,"index,follow",Social media beheer Den Haag | Content en planning door BDMNL,"Social media beheer in Den Haag? BDMNL helpt lokale bedrijven met content, planning en campagnes die passen bij hun website, SEO en merkverhaal.",social-media-beheer,den-haag,913,1,10,74,ProfessionalService|FAQPage|BreadcrumbList,100,index,ok
/social-media-beheer-dordrecht/,https://seo.bdmnl.nl/social-media-beheer-dordrecht/,"index,follow",Social media beheer Dordrecht | Content en planning door BDMNL,"Social media beheer in Dordrecht? BDMNL helpt lokale bedrijven met content, planning en campagnes die passen bij hun website, SEO en merkverhaal.",social-media-beheer,dordrecht,888,1,10,74,ProfessionalService|FAQPage|BreadcrumbList,100,index,ok
/social-media-beheer-eindhoven/,https://seo.bdmnl.nl/social-media-beheer-eindhoven/,"index,follow",Social media beheer Eindhoven | Content en planning door BDMNL,"Social media beheer in Eindhoven? BDMNL helpt lokale bedrijven met content, planning en campagnes die passen bij hun website, SEO en merkverhaal.",social-media-beheer,eindhoven,891,1,10,74,ProfessionalService|FAQPage|BreadcrumbList,100,index,ok
/social-media-beheer-goes/,https://seo.bdmnl.nl/social-media-beheer-goes/,"index,follow",Social media beheer Goes | Content en planning door BDMNL,"Social media beheer in Goes? BDMNL helpt lokale bedrijven met content, planning en campagnes die passen bij hun website, SEO en merkverhaal.",social-media-beheer,goes,891,1,10,74,ProfessionalService|FAQPage|BreadcrumbList,100,index,ok
/social-media-beheer-haarlem/,https://seo.bdmnl.nl/social-media-beheer-haarlem/,"index,follow",Social media beheer Haarlem | Content en planning door BDMNL,"Social media beheer in Haarlem? BDMNL helpt lokale bedrijven met content, planning en campagnes die passen bij hun website, SEO en merkverhaal.",social-media-beheer,haarlem,875,1,10,71,ProfessionalService|FAQPage|BreadcrumbList,100,index,ok
/social-media-beheer-hellevoetsluis/,https://seo.bdmnl.nl/social-media-beheer-hellevoetsluis/,"index,follow",Social media beheer Hellevoetsluis | Content en planning door BDMNL,"Social media beheer in Hellevoetsluis? BDMNL helpt lokale bedrijven met content, planning en campagnes die passen bij hun website, SEO en merkverhaal.",social-media-beheer,hellevoetsluis,878,1,10,71,ProfessionalService|FAQPage|BreadcrumbList,100,index,ok
/social-media-beheer-hilversum/,https://seo.bdmnl.nl/social-media-beheer-hilversum/,"index,follow",Social media beheer Hilversum | Content en planning door BDMNL,"Social media beheer in Hilversum? BDMNL helpt lokale bedrijven met content, planning en campagnes die passen bij hun website, SEO en merkverhaal.",social-media-beheer,hilversum,878,1,10,71,ProfessionalService|FAQPage|BreadcrumbList,100,index,ok
/social-media-beheer-hoofddorp/,https://seo.bdmnl.nl/social-media-beheer-hoofddorp/,"index,follow",Social media beheer Hoofddorp | Content en planning door BDMNL,"Social media beheer in Hoofddorp? BDMNL helpt lokale bedrijven met content, planning en campagnes die passen bij hun website, SEO en merkverhaal.",social-media-beheer,hoofddorp,875,1,10,71,ProfessionalService|FAQPage|BreadcrumbList,100,index,ok
/social-media-beheer-leiden/,https://seo.bdmnl.nl/social-media-beheer-leiden/,"index,follow",Social media beheer Leiden | Content en planning door BDMNL,"Social media beheer in Leiden? BDMNL helpt lokale bedrijven met content, planning en campagnes die passen bij hun website, SEO en merkverhaal.",social-media-beheer,leiden,881,1,10,71,ProfessionalService|FAQPage|BreadcrumbList,100,index,ok
/social-media-beheer-middelburg/,https://seo.bdmnl.nl/social-media-beheer-middelburg/,"index,follow",Social media beheer Middelburg | Content en planning door BDMNL,"Social media beheer in Middelburg? BDMNL helpt lokale bedrijven met content, planning en campagnes die passen bij hun website, SEO en merkverhaal.",social-media-beheer,middelburg,890,1,10,74,ProfessionalService|FAQPage|BreadcrumbList,100,index,ok
/social-media-beheer-rockanje/,https://seo.bdmnl.nl/social-media-beheer-rockanje/,"index,follow",Social media beheer Rockanje | Content en planning door BDMNL,"Social media beheer in Rockanje? BDMNL helpt lokale bedrijven met content, planning en campagnes die passen bij hun website, SEO en merkverhaal.",social-media-beheer,rockanje,874,1,10,71,ProfessionalService|FAQPage|BreadcrumbList,100,index,ok
/social-media-beheer-roosendaal/,https://seo.bdmnl.nl/social-media-beheer-roosendaal/,"index,follow",Social media beheer Roosendaal | Content en planning door BDMNL,"Social media beheer in Roosendaal? BDMNL helpt lokale bedrijven met content, planning en campagnes die passen bij hun website, SEO en merkverhaal.",social-media-beheer,roosendaal,888,1,10,74,ProfessionalService|FAQPage|BreadcrumbList,100,index,ok
/social-media-beheer-rotterdam/,https://seo.bdmnl.nl/social-media-beheer-rotterdam/,"index,follow",Social media beheer Rotterdam | Content en planning door BDMNL,"Social media beheer in Rotterdam? BDMNL helpt lokale bedrijven met content, planning en campagnes die passen bij hun website, SEO en merkverhaal.",social-media-beheer,rotterdam,896,1,10,74,ProfessionalService|FAQPage|BreadcrumbList,100,index,ok
/social-media-beheer-spijkenisse/,https://seo.bdmnl.nl/social-media-beheer-spijkenisse/,"index,follow",Social media beheer Spijkenisse | Content en planning door BDMNL,"Social media beheer in Spijkenisse? BDMNL helpt lokale bedrijven met content, planning en campagnes die passen bij hun website, SEO en merkverhaal.",social-media-beheer,spijkenisse,874,1,10,71,ProfessionalService|FAQPage|BreadcrumbList,100,index,ok
/social-media-beheer-terneuzen/,https://seo.bdmnl.nl/social-media-beheer-terneuzen/,"index,follow",Social media beheer Terneuzen | Content en planning door BDMNL,"Social media beheer in Terneuzen? BDMNL helpt lokale bedrijven met content, planning en campagnes die passen bij hun website, SEO en merkverhaal.",social-media-beheer,terneuzen,873,1,10,71,ProfessionalService|FAQPage|BreadcrumbList,100,index,ok
/social-media-beheer-tilburg/,https://seo.bdmnl.nl/social-media-beheer-tilburg/,"index,follow",Social media beheer Tilburg | Content en planning door BDMNL,"Social media beheer in Tilburg? BDMNL helpt lokale bedrijven met content, planning en campagnes die passen bij hun website, SEO en merkverhaal.",social-media-beheer,tilburg,888,1,10,74,ProfessionalService|FAQPage|BreadcrumbList,100,index,ok
/social-media-beheer-vlaardingen/,https://seo.bdmnl.nl/social-media-beheer-vlaardingen/,"index,follow",Social media beheer Vlaardingen | Content en planning door BDMNL,"Social media beheer in Vlaardingen? BDMNL helpt lokale bedrijven met content, planning en campagnes die passen bij hun website, SEO en merkverhaal.",social-media-beheer,vlaardingen,874,1,10,72,ProfessionalService|FAQPage|BreadcrumbList,100,index,ok
/social-media-beheer-vlissingen/,https://seo.bdmnl.nl/social-media-beheer-vlissingen/,"index,follow",Social media beheer Vlissingen | Content en planning door BDMNL,"Social media beheer in Vlissingen? BDMNL helpt lokale bedrijven met content, planning en campagnes die passen bij hun website, SEO en merkverhaal.",social-media-beheer,vlissingen,873,1,10,71,ProfessionalService|FAQPage|BreadcrumbList,100,index,ok
/social-media-beheer-zierikzee/,https://seo.bdmnl.nl/social-media-beheer-zierikzee/,"index,follow",Social media beheer Zierikzee | Content en planning door BDMNL,"Social media beheer in Zierikzee? BDMNL helpt lokale bedrijven met content, planning en campagnes die passen bij hun website, SEO en merkverhaal.",social-media-beheer,zierikzee,876,1,10,71,ProfessionalService|FAQPage|BreadcrumbList,100,index,ok
/social-media/social-media-beheer-brielle/,https://seo.bdmnl.nl/social-media/social-media-beheer-brielle/,"index,follow",Social media beheer Brielle | Contentritme voor lokale bedrijven,"Social media beheer in Brielle? BDMNL helpt lokale bedrijven met herkenbare content, planning en koppeling met website en SEO.",social-media-beheer,brielle,884,1,10,73,ProfessionalService|FAQPage|BreadcrumbList,100,index,monitor_overlap_with:/social-media-beheer-brielle/
/social-media/social-media-brielle/,https://seo.bdmnl.nl/social-media/social-media-brielle/,"index,follow",Social media Brielle | Content en planning door BDMNL,"Social media in Brielle? BDMNL helpt lokale bedrijven met content, planning en campagnes die passen bij hun website, SEO en merkverhaal.",social-media,brielle,879,1,10,72,ProfessionalService|FAQPage|BreadcrumbList,100,index,ok
/social-media/social-media-dordrecht/,https://seo.bdmnl.nl/social-media/social-media-dordrecht/,"index,follow",Social media Dordrecht | Content en planning door BDMNL,"Social media in Dordrecht? BDMNL helpt lokale bedrijven met content, planning en campagnes die passen bij hun website, SEO en merkverhaal.",social-media,dordrecht,883,1,10,74,ProfessionalService|FAQPage|BreadcrumbList,100,index,ok
/social-media/social-media-goes/,https://seo.bdmnl.nl/social-media/social-media-goes/,"index,follow",Social media Goes | Content en planning door BDMNL,"Social media in Goes? BDMNL helpt lokale bedrijven met content, planning en campagnes die passen bij hun website, SEO en merkverhaal.",social-media,goes,886,1,10,74,ProfessionalService|FAQPage|BreadcrumbList,100,index,ok
/social-media/social-media-rotterdam/,https://seo.bdmnl.nl/social-media/social-media-rotterdam/,"index,follow",Social media Rotterdam | Content en planning door BDMNL,"Social media in Rotterdam? BDMNL helpt lokale bedrijven met content, planning en campagnes die passen bij hun website, SEO en merkverhaal.",social-media,rotterdam,891,1,10,74,ProfessionalService|FAQPage|BreadcrumbList,100,index,ok
/social-media/social-media-vlaardingen/,https://seo.bdmnl.nl/social-media/social-media-vlaardingen/,"index,follow",Social media Vlaardingen | Content en planning door BDMNL,"Social media in Vlaardingen? BDMNL helpt lokale bedrijven met content, planning en campagnes die passen bij hun website, SEO en merkverhaal.",social-media,vlaardingen,869,1,10,72,ProfessionalService|FAQPage|BreadcrumbList,100,index,ok
/webdesign/webdesign-amsterdam/,https://seo.bdmnl.nl/webdesign/webdesign-amsterdam/,"index,follow",Webdesign Amsterdam | Premium UX en Webflow door BDMNL,"Webdesign in Amsterdam? BDMNL ontwerpt premium websites met scherpe typografie, Webflow snelheid, lokale SEO en conversiegericht UX-design.",webdesign,amsterdam,873,1,10,72,ProfessionalService|FAQPage|BreadcrumbList,100,index,ok
/webdesign/webdesign-bergen-op-zoom/,https://seo.bdmnl.nl/webdesign/webdesign-bergen-op-zoom/,"index,follow",Webdesign Bergen op Zoom | Premium UX en Webflow door BDMNL,"Webdesign in Bergen op Zoom? BDMNL ontwerpt premium websites met scherpe typografie, Webflow snelheid, lokale SEO en conversiegericht UX-design.",webdesign,bergen-op-zoom,901,1,10,70,ProfessionalService|FAQPage|BreadcrumbList,100,index,ok
/webdesign/webdesign-breda/,https://seo.bdmnl.nl/webdesign/webdesign-breda/,"index,follow",Webdesign Breda | Premium UX en Webflow door BDMNL,"Webdesign in Breda? BDMNL ontwerpt premium websites met scherpe typografie, Webflow snelheid, lokale SEO en conversiegericht UX-design.",webdesign,breda,882,1,10,73,ProfessionalService|FAQPage|BreadcrumbList,100,index,ok
/webdesign/webdesign-brielle/,https://seo.bdmnl.nl/webdesign/webdesign-brielle/,"index,follow",Webdesign Brielle | Premium UX en Webflow door BDMNL,"Webdesign in Brielle? BDMNL ontwerpt premium websites met scherpe typografie, Webflow snelheid, lokale SEO en conversiegericht UX-design.",webdesign,brielle,872,1,10,71,ProfessionalService|FAQPage|BreadcrumbList,100,index,ok
/webdesign/webdesign-den-haag/,https://seo.bdmnl.nl/webdesign/webdesign-den-haag/,"index,follow",Webdesign Den Haag | Premium UX en Webflow door BDMNL,"Webdesign in Den Haag? BDMNL ontwerpt premium websites met scherpe typografie, Webflow snelheid, lokale SEO en conversiegericht UX-design.",webdesign,den-haag,902,1,10,73,ProfessionalService|FAQPage|BreadcrumbList,100,index,ok
/webdesign/webdesign-dordrecht/,https://seo.bdmnl.nl/webdesign/webdesign-dordrecht/,"index,follow",Webdesign Dordrecht | Premium UX en Webflow door BDMNL,"Webdesign in Dordrecht? BDMNL ontwerpt premium websites met scherpe typografie, Webflow snelheid, lokale SEO en conversiegericht UX-design.",webdesign,dordrecht,879,1,10,73,ProfessionalService|FAQPage|BreadcrumbList,100,index,ok
/webdesign/webdesign-eindhoven/,https://seo.bdmnl.nl/webdesign/webdesign-eindhoven/,"index,follow",Webdesign Eindhoven | Premium UX en Webflow door BDMNL,"Webdesign in Eindhoven? BDMNL ontwerpt premium websites met scherpe typografie, Webflow snelheid, lokale SEO en conversiegericht UX-design.",webdesign,eindhoven,878,1,10,73,ProfessionalService|FAQPage|BreadcrumbList,100,index,ok
/webdesign/webdesign-goes/,https://seo.bdmnl.nl/webdesign/webdesign-goes/,"index,follow",Webdesign Goes | Premium UX en Webflow door BDMNL,"Webdesign in Goes? BDMNL ontwerpt premium websites met scherpe typografie, Webflow snelheid, lokale SEO en conversiegericht UX-design.",webdesign,goes,882,1,10,73,ProfessionalService|FAQPage|BreadcrumbList,100,index,ok
/webdesign/webdesign-hellevoetsluis/,https://seo.bdmnl.nl/webdesign/webdesign-hellevoetsluis/,"index,follow",Webdesign Hellevoetsluis | Premium UX en Webflow door BDMNL,"Webdesign in Hellevoetsluis? BDMNL ontwerpt premium websites met scherpe typografie, Webflow snelheid, lokale SEO en conversiegericht UX-design.",webdesign,hellevoetsluis,865,1,10,70,ProfessionalService|FAQPage|BreadcrumbList,100,index,ok
/webdesign/webdesign-middelburg/,https://seo.bdmnl.nl/webdesign/webdesign-middelburg/,"index,follow",Webdesign Middelburg | Premium UX en Webflow door BDMNL,"Webdesign in Middelburg? BDMNL ontwerpt premium websites met scherpe typografie, Webflow snelheid, lokale SEO en conversiegericht UX-design.",webdesign,middelburg,879,1,10,73,ProfessionalService|FAQPage|BreadcrumbList,100,index,ok
/webdesign/webdesign-rockanje/,https://seo.bdmnl.nl/webdesign/webdesign-rockanje/,"index,follow",Webdesign Rockanje | Premium UX en Webflow door BDMNL,"Webdesign in Rockanje? BDMNL ontwerpt premium websites met scherpe typografie, Webflow snelheid, lokale SEO en conversiegericht UX-design.",webdesign,rockanje,861,1,10,70,ProfessionalService|FAQPage|BreadcrumbList,100,index,ok
/webdesign/webdesign-roosendaal/,https://seo.bdmnl.nl/webdesign/webdesign-roosendaal/,"index,follow",Webdesign Roosendaal | Premium UX en Webflow door BDMNL,"Webdesign in Roosendaal? BDMNL ontwerpt premium websites met scherpe typografie, Webflow snelheid, lokale SEO en conversiegericht UX-design.",webdesign,roosendaal,875,1,10,73,ProfessionalService|FAQPage|BreadcrumbList,100,index,ok
/webdesign/webdesign-rotterdam/,https://seo.bdmnl.nl/webdesign/webdesign-rotterdam/,"index,follow",Webdesign Rotterdam | Premium UX en Webflow door BDMNL,"Webdesign in Rotterdam? BDMNL ontwerpt premium websites met scherpe typografie, Webflow snelheid, lokale SEO en conversiegericht UX-design.",webdesign,rotterdam,887,1,10,73,ProfessionalService|FAQPage|BreadcrumbList,100,index,ok
/webdesign/webdesign-spijkenisse/,https://seo.bdmnl.nl/webdesign/webdesign-spijkenisse/,"index,follow",Webdesign Spijkenisse | Premium UX en Webflow door BDMNL,"Webdesign in Spijkenisse? BDMNL ontwerpt premium websites met scherpe typografie, Webflow snelheid, lokale SEO en conversiegericht UX-design.",webdesign,spijkenisse,861,1,10,70,ProfessionalService|FAQPage|BreadcrumbList,100,index,ok
/webdesign/webdesign-tilburg/,https://seo.bdmnl.nl/webdesign/webdesign-tilburg/,"index,follow",Webdesign Tilburg | Premium UX en Webflow door BDMNL,"Webdesign in Tilburg? BDMNL ontwerpt premium websites met scherpe typografie, Webflow snelheid, lokale SEO en conversiegericht UX-design.",webdesign,tilburg,875,1,10,73,ProfessionalService|FAQPage|BreadcrumbList,100,index,ok
/webdesign/webdesign-vlaardingen/,https://seo.bdmnl.nl/webdesign/webdesign-vlaardingen/,"index,follow",Webdesign Vlaardingen | Premium UX en Webflow door BDMNL,"Webdesign in Vlaardingen? BDMNL ontwerpt premium websites met scherpe typografie, Webflow snelheid, lokale SEO en conversiegericht UX-design.",webdesign,vlaardingen,861,1,10,71,ProfessionalService|FAQPage|BreadcrumbList,100,index,ok
/webshop-laten-maken-alkmaar/,https://seo.bdmnl.nl/webshop-laten-maken-alkmaar/,"index,follow",Webshop laten maken Alkmaar | Premium webshop door BDMNL,"Webshop laten maken in Alkmaar? BDMNL ontwikkelt snelle, betrouwbare webshops met sterke productpresentatie, SEO-basis en duidelijke conversie.",webshop-laten-maken,alkmaar,880,1,10,71,ProfessionalService|FAQPage|BreadcrumbList,100,index,ok
/webshop-laten-maken-amsterdam/,https://seo.bdmnl.nl/webshop-laten-maken-amsterdam/,"index,follow",Webshop laten maken Amsterdam | Premium webshop door BDMNL,"Webshop laten maken in Amsterdam? BDMNL ontwikkelt snelle, betrouwbare webshops met sterke productpresentatie, SEO-basis en duidelijke conversie.",webshop-laten-maken,amsterdam,888,1,10,73,ProfessionalService|FAQPage|BreadcrumbList,100,index,ok
/webshop-laten-maken-breda/,https://seo.bdmnl.nl/webshop-laten-maken-breda/,"index,follow",Webshop laten maken Breda | Premium webshop door BDMNL,"Webshop laten maken in Breda? BDMNL ontwikkelt snelle, betrouwbare webshops met sterke productpresentatie, SEO-basis en duidelijke conversie.",webshop-laten-maken,breda,893,1,10,74,ProfessionalService|FAQPage|BreadcrumbList,100,index,ok
/webshop-laten-maken-delft/,https://seo.bdmnl.nl/webshop-laten-maken-delft/,"index,follow",Webshop laten maken Delft | Premium webshop door BDMNL,"Webshop laten maken in Delft? BDMNL ontwikkelt snelle, betrouwbare webshops met sterke productpresentatie, SEO-basis en duidelijke conversie.",webshop-laten-maken,delft,880,1,10,71,ProfessionalService|FAQPage|BreadcrumbList,100,index,ok
/webshop-laten-maken-den-bosch/,https://seo.bdmnl.nl/webshop-laten-maken-den-bosch/,"index,follow",Webshop laten maken Den Bosch | Premium webshop door BDMNL,"Webshop laten maken in Den Bosch? BDMNL ontwikkelt snelle, betrouwbare webshops met sterke productpresentatie, SEO-basis en duidelijke conversie.",webshop-laten-maken,den-bosch,900,1,10,71,ProfessionalService|FAQPage|BreadcrumbList,100,index,ok
/webshop-laten-maken-den-haag/,https://seo.bdmnl.nl/webshop-laten-maken-den-haag/,"index,follow",Webshop laten maken Den Haag | Premium webshop door BDMNL,"Webshop laten maken in Den Haag? BDMNL ontwikkelt snelle, betrouwbare webshops met sterke productpresentatie, SEO-basis en duidelijke conversie.",webshop-laten-maken,den-haag,912,1,10,74,ProfessionalService|FAQPage|BreadcrumbList,100,index,ok
/webshop-laten-maken-dordrecht/,https://seo.bdmnl.nl/webshop-laten-maken-dordrecht/,"index,follow",Webshop laten maken Dordrecht | Premium webshop door BDMNL,"Webshop laten maken in Dordrecht? BDMNL ontwikkelt snelle, betrouwbare webshops met sterke productpresentatie, SEO-basis en duidelijke conversie.",webshop-laten-maken,dordrecht,886,1,10,74,ProfessionalService|FAQPage|BreadcrumbList,100,index,ok
/webshop-laten-maken-eindhoven/,https://seo.bdmnl.nl/webshop-laten-maken-eindhoven/,"index,follow",Webshop laten maken Eindhoven | Premium webshop door BDMNL,"Webshop laten maken in Eindhoven? BDMNL ontwikkelt snelle, betrouwbare webshops met sterke productpresentatie, SEO-basis en duidelijke conversie.",webshop-laten-maken,eindhoven,893,1,10,74,ProfessionalService|FAQPage|BreadcrumbList,100,index,ok
/webshop-laten-maken-goes/,https://seo.bdmnl.nl/webshop-laten-maken-goes/,"index,follow",Webshop laten maken Goes | Premium webshop door BDMNL,"Webshop laten maken in Goes? BDMNL ontwikkelt snelle, betrouwbare webshops met sterke productpresentatie, SEO-basis en duidelijke conversie.",webshop-laten-maken,goes,889,1,10,74,ProfessionalService|FAQPage|BreadcrumbList,100,index,ok
/webshop-laten-maken-haarlem/,https://seo.bdmnl.nl/webshop-laten-maken-haarlem/,"index,follow",Webshop laten maken Haarlem | Premium webshop door BDMNL,"Webshop laten maken in Haarlem? BDMNL ontwikkelt snelle, betrouwbare webshops met sterke productpresentatie, SEO-basis en duidelijke conversie.",webshop-laten-maken,haarlem,877,1,10,71,ProfessionalService|FAQPage|BreadcrumbList,100,index,ok
/webshop-laten-maken-hilversum/,https://seo.bdmnl.nl/webshop-laten-maken-hilversum/,"index,follow",Webshop laten maken Hilversum | Premium webshop door BDMNL,"Webshop laten maken in Hilversum? BDMNL ontwikkelt snelle, betrouwbare webshops met sterke productpresentatie, SEO-basis en duidelijke conversie.",webshop-laten-maken,hilversum,880,1,10,71,ProfessionalService|FAQPage|BreadcrumbList,100,index,ok
/webshop-laten-maken-hoofddorp/,https://seo.bdmnl.nl/webshop-laten-maken-hoofddorp/,"index,follow",Webshop laten maken Hoofddorp | Premium webshop door BDMNL,"Webshop laten maken in Hoofddorp? BDMNL ontwikkelt snelle, betrouwbare webshops met sterke productpresentatie, SEO-basis en duidelijke conversie.",webshop-laten-maken,hoofddorp,877,1,10,71,ProfessionalService|FAQPage|BreadcrumbList,100,index,ok
/webshop-laten-maken-leiden/,https://seo.bdmnl.nl/webshop-laten-maken-leiden/,"index,follow",Webshop laten maken Leiden | Premium webshop door BDMNL,"Webshop laten maken in Leiden? BDMNL ontwikkelt snelle, betrouwbare webshops met sterke productpresentatie, SEO-basis en duidelijke conversie.",webshop-laten-maken,leiden,883,1,10,71,ProfessionalService|FAQPage|BreadcrumbList,100,index,ok
/webshop-laten-maken-middelburg/,https://seo.bdmnl.nl/webshop-laten-maken-middelburg/,"index,follow",Webshop laten maken Middelburg | Premium webshop door BDMNL,"Webshop laten maken in Middelburg? BDMNL ontwikkelt snelle, betrouwbare webshops met sterke productpresentatie, SEO-basis en duidelijke conversie.",webshop-laten-maken,middelburg,890,1,10,74,ProfessionalService|FAQPage|BreadcrumbList,100,index,ok
/webshop-laten-maken-roosendaal/,https://seo.bdmnl.nl/webshop-laten-maken-roosendaal/,"index,follow",Webshop laten maken Roosendaal | Premium webshop door BDMNL,"Webshop laten maken in Roosendaal? BDMNL ontwikkelt snelle, betrouwbare webshops met sterke productpresentatie, SEO-basis en duidelijke conversie.",webshop-laten-maken,roosendaal,890,1,10,74,ProfessionalService|FAQPage|BreadcrumbList,100,index,ok
/webshop-laten-maken-rotterdam/,https://seo.bdmnl.nl/webshop-laten-maken-rotterdam/,"index,follow",Webshop laten maken Rotterdam | Premium webshop door BDMNL,"Webshop laten maken in Rotterdam? BDMNL ontwikkelt snelle, betrouwbare webshops met sterke productpresentatie, SEO-basis en duidelijke conversie.",webshop-laten-maken,rotterdam,894,1,10,73,ProfessionalService|FAQPage|BreadcrumbList,100,index,ok
/webshop-laten-maken-terneuzen/,https://seo.bdmnl.nl/webshop-laten-maken-terneuzen/,"index,follow",Webshop laten maken Terneuzen | Premium webshop door BDMNL,"Webshop laten maken in Terneuzen? BDMNL ontwikkelt snelle, betrouwbare webshops met sterke productpresentatie, SEO-basis en duidelijke conversie.",webshop-laten-maken,terneuzen,875,1,10,71,ProfessionalService|FAQPage|BreadcrumbList,100,index,ok
/webshop-laten-maken-tilburg/,https://seo.bdmnl.nl/webshop-laten-maken-tilburg/,"index,follow",Webshop laten maken Tilburg | Premium webshop door BDMNL,"Webshop laten maken in Tilburg? BDMNL ontwikkelt snelle, betrouwbare webshops met sterke productpresentatie, SEO-basis en duidelijke conversie.",webshop-laten-maken,tilburg,890,1,10,74,ProfessionalService|FAQPage|BreadcrumbList,100,index,ok
/webshop-laten-maken-vlissingen/,https://seo.bdmnl.nl/webshop-laten-maken-vlissingen/,"index,follow",Webshop laten maken Vlissingen | Premium webshop door BDMNL,"Webshop laten maken in Vlissingen? BDMNL ontwikkelt snelle, betrouwbare webshops met sterke productpresentatie, SEO-basis en duidelijke conversie.",webshop-laten-maken,vlissingen,875,1,10,71,ProfessionalService|FAQPage|BreadcrumbList,100,index,ok
/webshop-laten-maken-zierikzee/,https://seo.bdmnl.nl/webshop-laten-maken-zierikzee/,"index,follow",Webshop laten maken Zierikzee | Premium webshop door BDMNL,"Webshop laten maken in Zierikzee? BDMNL ontwikkelt snelle, betrouwbare webshops met sterke productpresentatie, SEO-basis en duidelijke conversie.",webshop-laten-maken,zierikzee,878,1,10,71,ProfessionalService|FAQPage|BreadcrumbList,100,index,ok
/website-laten-maken-alkmaar/,https://seo.bdmnl.nl/website-laten-maken-alkmaar/,"index,follow",Website laten maken Alkmaar | Premium Webflow website door BDMNL,"Website laten maken in Alkmaar? BDMNL ontwikkelt premium Webflow websites met lokale SEO, sterke UX en een duidelijke route naar contact.",website-laten-maken,alkmaar,893,1,10,70,ProfessionalService|FAQPage|BreadcrumbList,100,index,ok
/website-laten-maken-amsterdam/,https://seo.bdmnl.nl/website-laten-maken-amsterdam/,"index,follow",Website laten maken Amsterdam | Premium Webflow website door BDMNL,"Website laten maken in Amsterdam? BDMNL ontwikkelt premium Webflow websites met lokale SEO, sterke UX en een duidelijke route naar contact.",website-laten-maken,amsterdam,901,1,10,73,ProfessionalService|FAQPage|BreadcrumbList,100,index,ok
/website-laten-maken-bergen-op-zoom/,https://seo.bdmnl.nl/website-laten-maken-bergen-op-zoom/,"index,follow",Website laten maken Bergen op Zoom | Premium Webflow website door BDMNL,"Website laten maken in Bergen op Zoom? BDMNL ontwikkelt premium Webflow websites met lokale SEO, sterke UX en een duidelijke route naar contact.",website-laten-maken,bergen-op-zoom,929,1,10,71,ProfessionalService|FAQPage|BreadcrumbList,100,index,ok
/website-laten-maken-breda/,https://seo.bdmnl.nl/website-laten-maken-breda/,"index,follow",Website laten maken Breda | Premium Webflow website door BDMNL,"Website laten maken in Breda? BDMNL ontwikkelt premium Webflow websites met lokale SEO, sterke UX en een duidelijke route naar contact.",website-laten-maken,breda,906,1,10,74,ProfessionalService|FAQPage|BreadcrumbList,100,index,ok
/website-laten-maken-brielle/,https://seo.bdmnl.nl/website-laten-maken-brielle/,"index,follow",Website laten maken Brielle | Premium Webflow website door BDMNL,"Website laten maken in Brielle? BDMNL ontwikkelt premium Webflow websites met lokale SEO, sterke UX en een duidelijke route naar contact.",website-laten-maken,brielle,900,1,10,73,ProfessionalService|FAQPage|BreadcrumbList,100,index,ok
/website-laten-maken-delft/,https://seo.bdmnl.nl/website-laten-maken-delft/,"index,follow",Website laten maken Delft | Premium Webflow website door BDMNL,"Website laten maken in Delft? BDMNL ontwikkelt premium Webflow websites met lokale SEO, sterke UX en een duidelijke route naar contact.",website-laten-maken,delft,893,1,10,70,ProfessionalService|FAQPage|BreadcrumbList,100,index,ok
/website-laten-maken-den-bosch/,https://seo.bdmnl.nl/website-laten-maken-den-bosch/,"index,follow",Website laten maken Den Bosch | Premium Webflow website door BDMNL,"Website laten maken in Den Bosch? BDMNL ontwikkelt premium Webflow websites met lokale SEO, sterke UX en een duidelijke route naar contact.",website-laten-maken,den-bosch,913,1,10,70,ProfessionalService|FAQPage|BreadcrumbList,100,index,ok
/website-laten-maken-den-haag/,https://seo.bdmnl.nl/website-laten-maken-den-haag/,"index,follow",Website laten maken Den Haag | Premium Webflow website door BDMNL,"Website laten maken in Den Haag? BDMNL ontwikkelt premium Webflow websites met lokale SEO, sterke UX en een duidelijke route naar contact.",website-laten-maken,den-haag,926,1,10,74,ProfessionalService|FAQPage|BreadcrumbList,100,index,ok
/website-laten-maken-dordrecht/,https://seo.bdmnl.nl/website-laten-maken-dordrecht/,"index,follow",Website laten maken Dordrecht | Premium Webflow website door BDMNL,"Website laten maken in Dordrecht? BDMNL ontwikkelt premium Webflow websites met lokale SEO, sterke UX en een duidelijke route naar contact.",website-laten-maken,dordrecht,899,1,10,74,ProfessionalService|FAQPage|BreadcrumbList,100,index,ok
/website-laten-maken-eindhoven/,https://seo.bdmnl.nl/website-laten-maken-eindhoven/,"index,follow",Website laten maken Eindhoven | Premium Webflow website door BDMNL,"Website laten maken in Eindhoven? BDMNL ontwikkelt premium Webflow websites met lokale SEO, sterke UX en een duidelijke route naar contact.",website-laten-maken,eindhoven,906,1,10,74,ProfessionalService|FAQPage|BreadcrumbList,100,index,ok
/website-laten-maken-goes/,https://seo.bdmnl.nl/website-laten-maken-goes/,"index,follow",Website laten maken Goes | Premium Webflow website door BDMNL,"Website laten maken in Goes? BDMNL ontwikkelt premium Webflow websites met lokale SEO, sterke UX en een duidelijke route naar contact.",website-laten-maken,goes,902,1,10,74,ProfessionalService|FAQPage|BreadcrumbList,100,index,ok
/website-laten-maken-haarlem/,https://seo.bdmnl.nl/website-laten-maken-haarlem/,"index,follow",Website laten maken Haarlem | Premium Webflow website door BDMNL,"Website laten maken in Haarlem? BDMNL ontwikkelt premium Webflow websites met lokale SEO, sterke UX en een duidelijke route naar contact.",website-laten-maken,haarlem,890,1,10,70,ProfessionalService|FAQPage|BreadcrumbList,100,index,ok
/website-laten-maken-hellevoetsluis/,https://seo.bdmnl.nl/website-laten-maken-hellevoetsluis/,"index,follow",Website laten maken Hellevoetsluis | Premium Webflow website door BDMNL,"Website laten maken in Hellevoetsluis? BDMNL ontwikkelt premium Webflow websites met lokale SEO, sterke UX en een duidelijke route naar contact.",website-laten-maken,hellevoetsluis,893,1,10,71,ProfessionalService|FAQPage|BreadcrumbList,100,index,ok
/website-laten-maken-hilversum/,https://seo.bdmnl.nl/website-laten-maken-hilversum/,"index,follow",Website laten maken Hilversum | Premium Webflow website door BDMNL,"Website laten maken in Hilversum? BDMNL ontwikkelt premium Webflow websites met lokale SEO, sterke UX en een duidelijke route naar contact.",website-laten-maken,hilversum,893,1,10,70,ProfessionalService|FAQPage|BreadcrumbList,100,index,ok
/website-laten-maken-hoofddorp/,https://seo.bdmnl.nl/website-laten-maken-hoofddorp/,"index,follow",Website laten maken Hoofddorp | Premium Webflow website door BDMNL,"Website laten maken in Hoofddorp? BDMNL ontwikkelt premium Webflow websites met lokale SEO, sterke UX en een duidelijke route naar contact.",website-laten-maken,hoofddorp,890,1,10,70,ProfessionalService|FAQPage|BreadcrumbList,100,index,ok
/website-laten-maken-leiden/,https://seo.bdmnl.nl/website-laten-maken-leiden/,"index,follow",Website laten maken Leiden | Premium Webflow website door BDMNL,"Website laten maken in Leiden? BDMNL ontwikkelt premium Webflow websites met lokale SEO, sterke UX en een duidelijke route naar contact.",website-laten-maken,leiden,896,1,10,70,ProfessionalService|FAQPage|BreadcrumbList,100,index,ok
/website-laten-maken-middelburg/,https://seo.bdmnl.nl/website-laten-maken-middelburg/,"index,follow",Website laten maken Middelburg | Premium Webflow website door BDMNL,"Website laten maken in Middelburg? BDMNL ontwikkelt premium Webflow websites met lokale SEO, sterke UX en een duidelijke route naar contact.",website-laten-maken,middelburg,903,1,10,74,ProfessionalService|FAQPage|BreadcrumbList,100,index,ok
/website-laten-maken-rockanje/,https://seo.bdmnl.nl/website-laten-maken-rockanje/,"index,follow",Website laten maken Rockanje | Premium Webflow website door BDMNL,"Website laten maken in Rockanje? BDMNL ontwikkelt premium Webflow websites met lokale SEO, sterke UX en een duidelijke route naar contact.",website-laten-maken,rockanje,889,1,10,71,ProfessionalService|FAQPage|BreadcrumbList,100,index,ok
/website-laten-maken-roosendaal/,https://seo.bdmnl.nl/website-laten-maken-roosendaal/,"index,follow",Website laten maken Roosendaal | Premium Webflow website door BDMNL,"Website laten maken in Roosendaal? BDMNL ontwikkelt premium Webflow websites met lokale SEO, sterke UX en een duidelijke route naar contact.",website-laten-maken,roosendaal,903,1,10,74,ProfessionalService|FAQPage|BreadcrumbList,100,index,ok
/website-laten-maken-rotterdam/,https://seo.bdmnl.nl/website-laten-maken-rotterdam/,"index,follow",Website laten maken Rotterdam | Premium Webflow website door BDMNL,"Website laten maken in Rotterdam? BDMNL ontwikkelt premium Webflow websites met lokale SEO, sterke UX en een duidelijke route naar contact.",website-laten-maken,rotterdam,907,1,10,73,ProfessionalService|FAQPage|BreadcrumbList,100,index,ok
/website-laten-maken-spijkenisse/,https://seo.bdmnl.nl/website-laten-maken-spijkenisse/,"index,follow",Website laten maken Spijkenisse | Premium Webflow website door BDMNL,"Website laten maken in Spijkenisse? BDMNL ontwikkelt premium Webflow websites met lokale SEO, sterke UX en een duidelijke route naar contact.",website-laten-maken,spijkenisse,889,1,10,71,ProfessionalService|FAQPage|BreadcrumbList,100,index,ok
/website-laten-maken-terneuzen/,https://seo.bdmnl.nl/website-laten-maken-terneuzen/,"index,follow",Website laten maken Terneuzen | Premium Webflow website door BDMNL,"Website laten maken in Terneuzen? BDMNL ontwikkelt premium Webflow websites met lokale SEO, sterke UX en een duidelijke route naar contact.",website-laten-maken,terneuzen,888,1,10,70,ProfessionalService|FAQPage|BreadcrumbList,100,index,ok
/website-laten-maken-tilburg/,https://seo.bdmnl.nl/website-laten-maken-tilburg/,"index,follow",Website laten maken Tilburg | Premium Webflow website door BDMNL,"Website laten maken in Tilburg? BDMNL ontwikkelt premium Webflow websites met lokale SEO, sterke UX en een duidelijke route naar contact.",website-laten-maken,tilburg,903,1,10,74,ProfessionalService|FAQPage|BreadcrumbList,100,index,ok
/website-laten-maken-vlaardingen/,https://seo.bdmnl.nl/website-laten-maken-vlaardingen/,"index,follow",Website laten maken Vlaardingen | Premium Webflow website door BDMNL,"Website laten maken in Vlaardingen? BDMNL ontwikkelt premium Webflow websites met lokale SEO, sterke UX en een duidelijke route naar contact.",website-laten-maken,vlaardingen,889,1,10,72,ProfessionalService|FAQPage|BreadcrumbList,100,index,ok
/website-laten-maken-vlissingen/,https://seo.bdmnl.nl/website-laten-maken-vlissingen/,"index,follow",Website laten maken Vlissingen | Premium Webflow website door BDMNL,"Website laten maken in Vlissingen? BDMNL ontwikkelt premium Webflow websites met lokale SEO, sterke UX en een duidelijke route naar contact.",website-laten-maken,vlissingen,888,1,10,70,ProfessionalService|FAQPage|BreadcrumbList,100,index,ok
/website-laten-maken-zierikzee/,https://seo.bdmnl.nl/website-laten-maken-zierikzee/,"index,follow",Website laten maken Zierikzee | Premium Webflow website door BDMNL,"Website laten maken in Zierikzee? BDMNL ontwikkelt premium Webflow websites met lokale SEO, sterke UX en een duidelijke route naar contact.",website-laten-maken,zierikzee,891,1,10,70,ProfessionalService|FAQPage|BreadcrumbList,100,index,ok
